model,price,rating,sim,processor,ram,battery,display,camera,card,os
Vivo T4x 5G,"₹13,999",,"Dual Sim, 3G, 4G, 5G, VoLTE, Wi-Fi, IR Blaster","Dimensity 7300, Octa Core, 2.5 GHz Processor","6 GB RAM, 128 GB inbuilt",6500 mAh Battery with 44W Fast Charging,"6.72 inches, 1080 x 2408 px, 120 Hz Display with Punch Hole",50 MP + 2 MP Dual Rear & 8 MP Front Camera,Memory Card Not Supported,Android v15
Infinix Note 50X 5G,"₹11,499",,"Dual Sim, 3G, 4G, 5G, VoLTE, Wi-Fi, IR Blaster","Dimensity 7300 Ultimate, Octa Core, 2.5 GHz Processor","6 GB RAM, 128 GB inbuilt",5500 mAh Battery with 45W Fast Charging,"6.67 inches, 720 x 1600 px, 120 Hz Display with Punch Hole",50 MP Dual Rear & 8 MP Front Camera,Memory Card (Hybrid),Android v15
Oppo F29 Pro 5G,"₹27,999",80,"Dual Sim, 3G, 4G, 5G, VoLTE, Wi-Fi","Dimensity 7300, Octa Core, 2.5 GHz Processor","8 GB RAM, 128 GB inbuilt",6000 mAh Battery with 80W Fast Charging,"6.7 inches, 1080 x 2412 px, 120 Hz Display with Punch Hole",50 MP + 2 MP Dual Rear & 16 MP Front Camera,Android v14,No FM Radio
iQOO Neo 10R,"₹26,998",84,"Dual Sim, 3G, 4G, 5G, VoLTE, Wi-Fi, IR Blaster","Snapdragon 8s Gen3, Octa Core, 3 GHz Processor","8 GB RAM, 128 GB inbuilt",6400 mAh Battery with 80W Fast Charging,"6.78 inches, 1260 x 2800 px, 144 Hz Display with Punch Hole",50 MP + 8 MP Dual Rear & 32 MP Front Camera,Android v15,No FM Radio
Realme P3 5G,"₹16,998",80,"Dual Sim, 3G, 4G, 5G, VoLTE, Wi-Fi, NFC","Snapdragon 6 Gen4, Octa Core, 2.3 GHz Processor","6 GB RAM, 128 GB inbuilt",6000 mAh Battery with 45W Fast Charging,"6.67 inches, 1080 x 2400 px, 120 Hz Display with Punch Hole",50 MP + 2 MP Dual Rear & 16 MP Front Camera,Android v15,No FM Radio
Motorola Edge 50 Fusion,"₹20,399",85,"Dual Sim, 3G, 4G, 5G, VoLTE, Vo5G, Wi-Fi, NFC","Snapdragon 7s Gen2, Octa Core, 2.4 GHz Processor","8 GB RAM, 128 GB inbuilt",5000 mAh Battery with 68W Fast Charging,"6.67 inches, 1080 x 2400 px, 144 Hz Display with Punch Hole",50 MP + 13 MP Dual Rear & 32 MP Front Camera,Memory Card Not Supported,Android v14
Samsung Galaxy F55 5G,"₹16,585",86,"Dual Sim, 3G, 4G, 5G, VoLTE, Wi-Fi, NFC","Snapdragon 7 Gen1, Octa Core, 2.4 GHz Processor","8 GB RAM, 128 GB inbuilt",5000 mAh Battery with 45W Fast Charging,"6.7 inches, 1080 x 2400 px, 120 Hz Display with Punch Hole",50 MP + 8 MP + 2 MP Triple Rear & 50 MP Front Camera,"Memory Card (Hybrid), upto 1 TB",Android v14
Motorola Edge 50 5G,"₹21,999",87,"Dual Sim, 3G, 4G, 5G, VoLTE, Vo5G, Wi-Fi, NFC","Snapdragon 7 Gen1 AE, Octa Core, 2.5 GHz Processor","8 GB RAM, 256 GB inbuilt",5000 mAh Battery with 68W Fast Charging,"6.67 inches, 1220 x 2712 px, 120 Hz Display",50 MP + 13 MP + 10 MP Triple Rear & 32 MP Front Camera,Android v14,No FM Radio
Vivo V50 5G,"₹34,999",85,"Dual Sim, 3G, 4G, 5G, VoLTE, Wi-Fi","Snapdragon 7 Gen3, Octa Core, 2.63 GHz Processor","8 GB RAM, 128 GB inbuilt",6000 mAh Battery with 90W Fast Charging,"6.77 inches, 1080 x 2392 px, 120 Hz Display with Punch Hole",50 MP + 50 MP Dual Rear & 50 MP Front Camera,Memory Card Not Supported,Android v15
Nothing Phone 3a,"₹24,499",86,"Dual Sim, 3G, 4G, 5G, VoLTE, Wi-Fi, NFC","Snapdragon 7s Gen3, Octa Core, 2.5 GHz Processor","8 GB RAM, 128 GB inbuilt",5000 mAh Battery with 50W Fast Charging,"6.77 inches, 1080 x 2392 px, 120 Hz Display with Punch Hole",50 MP + 50 MP + 8 MP Triple Rear & 32 MP Front Camera,Android v15,No FM Radio
Vivo Y39 5G,"₹16,999",,"Dual Sim, 3G, 4G, 5G, VoLTE, Wi-Fi","Snapdragon 4 Gen2, Octa Core, 2.2 GHz Processor","8 GB RAM, 128 GB inbuilt",6500 mAh Battery with 44W Fast Charging,"6.68 inches, 720 x 1608 px, 120 Hz Display with Punch Hole",50 MP + 2 MP Dual Rear & 8 MP Front Camera,Memory Card Not Supported,Android v15
Realme P3 Ultra,"₹26,999",83,"Dual Sim, 3G, 4G, 5G, VoLTE, Wi-Fi, IR Blaster","Dimensity 8350 Ultra, Octa Core, 3.35 GHz Processor","8 GB RAM, 128 GB inbuilt",6000 mAh Battery with 80W Fast Charging,"6.83 inches, 1272 x 2800 px, 120 Hz Display with Punch Hole",50 MP + 8 MP Dual Rear & 16 MP Front Camera,Memory Card Not Supported,Android v15
Samsung Galaxy M35 5G,"₹13,999",81,"Dual Sim, 3G, 4G, 5G, VoLTE, Wi-Fi, NFC","Exynos 1380, Octa Core, 2.4 GHz Processor","6 GB RAM, 128 GB inbuilt",6000 mAh Battery with 25W Fast Charging,"6.6 inches, 1080 x 2340 px, 120 Hz Display with Punch Hole",50 MP + 8 MP + 2 MP Triple Rear & 13 MP Front Camera,"Memory Card (Hybrid), upto 1 TB",Android v14
Samsung Galaxy S24 FE 5G,"₹40,799",88,"Dual Sim, 3G, 4G, 5G, VoLTE, Vo5G, Wi-Fi, NFC","Exynos 2400e, Deca Core, 3.11 GHz Processor","8 GB RAM, 128 GB inbuilt",4700 mAh Battery with 25W Fast Charging,"6.7 inches, 1080 x 2340 px, 120 Hz Display with Punch Hole",50 MP + 12 MP + 8 MP Triple Rear & 10 MP Front Camera,Memory Card Not Supported,Android v14
Vivo Y19e,"₹7,999",,"Dual Sim, 3G, 4G, VoLTE, Wi-Fi","Unisoc T7225, Octa Core, 1.8 GHz Processor","4 GB RAM, 64 GB inbuilt",5500 mAh Battery with 15W Fast Charging,"6.74 inches, 720 x 1600 px Display with Water Drop Notch",13 MP + 0.08 MP Dual Rear & 5 MP Front Camera,Memory Card Supported,Android v14
Samsung Galaxy S25 5G,"₹65,995",89,"Dual Sim, 3G, 4G, 5G, VoLTE, Vo5G, Wi-Fi, NFC","Snapdragon 8Elite, Octa Core, 4.47 GHz Processor","12 GB RAM, 256 GB inbuilt",4000 mAh Battery with 25W Fast Charging,"6.2 inches, 1080 x 2340 px, 120 Hz Display with Punch Hole",50 MP + 12 MP + 10 MP Triple Rear & 12 MP Front Camera,Android v15,No FM Radio
Nothing Phone 2a,"₹19,622",86,"Dual Sim, 3G, 4G, 5G, VoLTE, Wi-Fi, NFC","Dimensity 7200 Pro, Octa Core, 2.8 GHz Processor","8 GB RAM, 128 GB inbuilt",5000 mAh Battery with 45W Fast Charging,"6.7 inches, 1084 x 2412 px, 120 Hz Display with Punch Hole",50 MP + 50 MP Dual Rear & 32 MP Front Camera,Android v14,No FM Radio
Vivo T4x 5G (8GB RAM + 256GB),"₹16,999",80,"Dual Sim, 3G, 4G, 5G, VoLTE, Wi-Fi, IR Blaster","Dimensity 7300, Octa Core, 2.5 GHz Processor","8 GB RAM, 256 GB inbuilt",6500 mAh Battery with 44W Fast Charging,"6.72 inches, 1080 x 2408 px, 120 Hz Display with Punch Hole",50 MP + 2 MP Dual Rear & 8 MP Front Camera,Memory Card Not Supported,Android v15
Motorola Moto G64 5G,"₹13,798",84,"Dual Sim, 3G, 4G, 5G, VoLTE, Vo5G, Wi-Fi","Dimensity 7025, Octa Core, 2.5 GHz Processor","8 GB RAM, 128 GB inbuilt",6000 mAh Battery with 33W Fast Charging,"6.5 inches, 1080 x 2400 px, 120 Hz Display with Punch Hole",50 MP + 8 MP Dual Rear & 16 MP Front Camera,"Memory Card (Hybrid), upto 1 TB",Android v14
Samsung Galaxy A56 5G,"₹41,999",85,"Dual Sim, 3G, 4G, 5G, VoLTE, Wi-Fi, NFC","Exynos 1580, Octa Core, 2.9 GHz Processor","8 GB RAM, 128 GB inbuilt",5000 mAh Battery with 45W Fast Charging,"6.7 inches, 1080 x 2340 px, 120 Hz Display with Punch Hole",50 MP + 12 MP + 5 MP Triple Rear & 12 MP Front Camera,Android v15,No FM Radio
OnePlus 13R 5G,"₹41,184",89,"Dual Sim, 3G, 4G, 5G, VoLTE, Wi-Fi, NFC, IR Blaster","Snapdragon 8 Gen3, Octa Core, 3.3 GHz Processor","12 GB RAM, 256 GB inbuilt",6000 mAh Battery with 80W Fast Charging,"6.78 inches, 1264 x 2780 px, 120 Hz Display with Punch Hole",50 MP + 50 MP + 8 MP Triple Rear & 16 MP Front Camera,Android v15,No FM Radio
Motorola Moto G45 5G (8GB RAM + 128GB),"₹12,200",81,"Dual Sim, 3G, 4G, 5G, VoLTE, Wi-Fi","Snapdragon 6s Gen3, Octa Core, 2.3 GHz Processor","8 GB RAM, 128 GB inbuilt",5000 mAh Battery with 20W Fast Charging,"6.5 inches, 720 x 1600 px, 120 Hz Display with Punch Hole",50 MP + 2 MP Dual Rear & 16 MP Front Camera,"Memory Card (Hybrid), upto 1 TB",Android v14
Xiaomi Redmi Note 14,"₹17,290",85,"Dual Sim, 3G, 4G, 5G, VoLTE, Wi-Fi, NFC, IR Blaster","Dimensity 7025 Ultra, Octa Core, 2.5 GHz Processor","6 GB RAM, 128 GB inbuilt",5110 mAh Battery with 45W Fast Charging,"6.67 inches, 1080 x 2400 px, 120 Hz Display with Punch Hole",50 MP + 8 MP + 2 MP Triple Rear & 20 MP Front Camera,"Memory Card (Hybrid), upto 1 TB",Android v14
OnePlus 10 Pro 5G,"₹33,999",89,"Dual Sim, 3G, 4G, 5G, VoLTE, Wi-Fi, NFC","Snapdragon  8 Gen1, Octa Core, 3 GHz Processor","8 GB RAM, 128 GB inbuilt",5000 mAh Battery with 80W Fast Charging,"6.7 inches, 1440 x 3216 px, 120 Hz Display with Punch Hole",50 MP + 48 MP + 8 MP Triple Rear & 32 MP Front Camera,Android v12,No FM Radio
OPPO Reno 13 5G,"₹37,999",87,"Dual Sim, 3G, 4G, 5G, VoLTE, Wi-Fi, NFC, IR Blaster","Dimensity 8350, Octa Core, 3.35 GHz Processor","8 GB RAM, 128 GB inbuilt",5600 mAh Battery with 80W Fast Charging,"6.59 inches, 1256 x 2760 px, 120 Hz Display with Punch Hole",50 MP + 8 MP + 2 MP Triple Rear & 50 MP Front Camera,Android v15,No FM Radio
Realme P3x 5G,"₹13,750",,"Dual Sim, 3G, 4G, 5G, VoLTE, Wi-Fi","Dimensity 6400, Octa Core, 2.5 GHz Processor","6 GB RAM, 128 GB inbuilt",6000 mAh Battery with 45W Fast Charging,"6.72 inches, 1080 x 2400 px, 120 Hz Display with Punch Hole",50 MP + 2 MP Dual Rear & 8 MP Front Camera,Memory Card (Hybrid),Android v15
OnePlus Nord 4 5G,"₹27,999",85,"Dual Sim, 3G, 4G, 5G, VoLTE, Wi-Fi, NFC, IR Blaster","Snapdragon 7+ Gen3, Octa Core, 2.8 GHz Processor","8 GB RAM, 128 GB inbuilt",5500 mAh Battery with 100W Fast Charging,"6.74 inches, 1240 x 2772 px, 120 Hz Display with Punch Hole",50 MP + 8 MP Dual Rear & 16 MP Front Camera,Android v14,No FM Radio
Samsung Galaxy M16 5G,"₹11,498",,"Dual Sim, 3G, 4G, 5G, VoLTE, Wi-Fi, NFC","Dimensity 6300, Octa Core, 2.4 GHz Processor","4 GB RAM, 128 GB inbuilt",5000 mAh Battery with 25W Fast Charging,"6.7 inches, 1080 x 2340 px, 90 Hz Display with Punch Hole",50 MP + 5 MP + 2 MP Triple Rear & 13 MP Front Camera,"Memory Card (Hybrid), upto 1.5 TB",Android v15
Realme P1 5G,"₹13,990",80,"Dual Sim, 3G, 4G, 5G, VoLTE, Wi-Fi","Dimensity 7050, Octa Core, 2.6 GHz Processor","6 GB RAM, 128 GB inbuilt",5000 mAh Battery with 45W Fast Charging,"6.67 inches, 1080 x 2400 px, 120 Hz Display with Punch Hole",50 MP + 2 MP Dual Rear & 16 MP Front Camera,"Memory Card (Hybrid), upto 2 TB",Android v14
Motorola Moto G85 5G,"₹17,999",82,"Dual Sim, 3G, 4G, 5G, VoLTE, Wi-Fi","Snapdragon 6s Gen3, Octa Core, 2.3 GHz Processor","8 GB RAM, 128 GB inbuilt",5000 mAh Battery with 33W Fast Charging,"6.67 inches, 1080 x 2400 px, 120 Hz Display with Punch Hole",50 MP + 8 MP Dual Rear & 32 MP Front Camera,"Memory Card (Hybrid), upto 1 TB",Android v14
Samsung Galaxy S25 Ultra,"₹1,29,999",95,"Dual Sim, 3G, 4G, 5G, VoLTE, Vo5G, Wi-Fi, NFC","Snapdragon 8 Elite, Octa Core, 4.32 GHz Processor","12 GB RAM, 256 GB inbuilt",5000 mAh Battery with 45W Fast Charging,"6.9 inches, 1440 x 3120 px, 120 Hz Display with Punch Hole",200 MP Quad Rear & 12 MP Front Camera,Memory Card Not Supported,Android v15
iQOO Neo 10R (12GB RAM + 256GB),"₹30,998",85,"Dual Sim, 3G, 4G, 5G, VoLTE, Wi-Fi, IR Blaster","Snapdragon 8s Gen3, Octa Core, 3 GHz Processor","12 GB RAM, 256 GB inbuilt",6400 mAh Battery with 80W Fast Charging,"6.78 inches, 1260 x 2800 px, 144 Hz Display with Punch Hole",50 MP + 8 MP Dual Rear & 32 MP Front Camera,Android v15,No FM Radio
Realme 14 Pro Plus 5G,"₹28,999",85,"Dual Sim, 3G, 4G, 5G, VoLTE, Wi-Fi","Snapdragon 7s Gen3, Octa Core, 2.5 GHz Processor","8 GB RAM, 128 GB inbuilt",6000 mAh Battery with 80W Fast Charging,"6.83 inches, 1272 x 2800 px, 120 Hz Display with Punch Hole",50 MP + 50 MP + 8 MP Triple Rear & 32 MP Front Camera,Memory Card Not Supported,Android v15
Vivo T4x 5G (8GB RAM + 128GB),"₹14,999",,"Dual Sim, 3G, 4G, 5G, VoLTE, Wi-Fi, IR Blaster","Dimensity 7300, Octa Core, 2.5 GHz Processor","8 GB RAM, 128 GB inbuilt",6500 mAh Battery with 44W Fast Charging,"6.72 inches, 1080 x 2408 px, 120 Hz Display with Punch Hole",50 MP + 2 MP Dual Rear & 8 MP Front Camera,Memory Card Not Supported,Android v15
Motorola Edge 50 Fusion (12GB RAM + 256GB),"₹23,889",87,"Dual Sim, 3G, 4G, 5G, VoLTE, Vo5G, Wi-Fi, NFC","Snapdragon 7s Gen2, Octa Core, 2.4 GHz Processor","12 GB RAM, 256 GB inbuilt",5000 mAh Battery with 68W Fast Charging,"6.67 inches, 1080 x 2400 px, 144 Hz Display with Punch Hole",50 MP + 13 MP Dual Rear & 32 MP Front Camera,Memory Card Not Supported,Android v14
Vivo T3 Pro 5G,"₹22,998",82,"Dual Sim, 3G, 4G, 5G, VoLTE, Wi-Fi","Snapdragon 7 Gen3, Octa Core, 2.63 GHz Processor","8 GB RAM, 128 GB inbuilt",5500 mAh Battery with 80W Fast Charging,"6.77 inches, 1080 x 2392 px, 120 Hz Display with Punch Hole",50 MP + 8 MP Dual Rear & 16 MP Front Camera,Memory Card Not Supported,Android v14
Samsung Galaxy S24 Ultra,"₹95,640",94,"Dual Sim, 3G, 4G, 5G, VoLTE, Vo5G, Wi-Fi, NFC","Snapdragon 8 Gen3, Octa Core, 3.3 GHz Processor","12 GB RAM, 256 GB inbuilt",5000 mAh Battery with 45W Fast Charging,"6.8 inches, 1440 x 3120 px, 120 Hz Display with Punch Hole",200 MP Quad Rear & 12 MP Front Camera,Memory Card Not Supported,Android v14
Poco X7 Pro 5G,"₹25,998",85,"Dual Sim, 3G, 4G, 5G, VoLTE, Wi-Fi, NFC, IR Blaster","Dimensity 8400 Ultra, Octa Core, 3.25 GHz Processor","8 GB RAM, 256 GB inbuilt",6550 mAh Battery with 90W Fast Charging,"6.67 inches, 1220 x 2712 px, 120 Hz Display with Punch Hole",50 MP + 8 MP Dual Rear & 20 MP Front Camera,Android v15,No FM Radio
CMF Phone (1),"₹14,088",80,"Dual Sim, 3G, 4G, 5G, VoLTE, Wi-Fi","Dimensity 7300, Octa Core, 2.5 GHz Processor","6 GB RAM, 128 GB inbuilt",5000 mAh Battery with 33W Fast Charging,"6.67 inches, 1080 x 2400 px, 120 Hz Display with Punch Hole",50 MP + 2 MP Dual Rear & 16 MP Front Camera,"Memory Card (Hybrid), upto 2 TB",Android v14
OnePlus Nord CE 4 5G,"₹21,789",83,"Dual Sim, 3G, 4G, 5G, VoLTE, Wi-Fi, IR Blaster","Snapdragon 7 Gen3, Octa Core, 2.63 GHz Processor","8 GB RAM, 128 GB inbuilt",5500 mAh Battery with 100W Fast Charging,"6.7 inches, 1080 x 2412 px, 120 Hz Display with Punch Hole",50 MP + 8 MP Dual Rear & 16 MP Front Camera,"Memory Card (Hybrid), upto 1 TB",Android v14
Samsung Galaxy F16 5G,"₹11,499",,"Dual Sim, 3G, 4G, 5G, VoLTE, Wi-Fi, NFC","Dimensity 6300, Octa Core, 2.4 GHz Processor","4 GB RAM, 128 GB inbuilt",5000 mAh Battery with 25W Fast Charging,"6.7 inches, 1080 x 2340 px, 90 Hz Display with Punch Hole",50 MP + 5 MP + 2 MP Triple Rear & 13 MP Front Camera,"Memory Card (Hybrid), upto 1.5 TB",Android v15
Realme P1 5G,"₹13,990",80,"Dual Sim, 3G, 4G, 5G, VoLTE, Wi-Fi","Dimensity 7050, Octa Core, 2.6 GHz Processor","6 GB RAM, 128 GB inbuilt",5000 mAh Battery with 45W Fast Charging,"6.67 inches, 1080 x 2400 px, 120 Hz Display with Punch Hole",50 MP + 2 MP Dual Rear & 16 MP Front Camera,"Memory Card (Hybrid), upto 2 TB",Android v14
OnePlus 12R,"₹35,990",85,"Dual Sim, 3G, 4G, 5G, VoLTE, Wi-Fi, NFC, IR Blaster","Snapdragon 8 Gen2, Octa Core, 3.2 GHz Processor","8 GB RAM, 128 GB inbuilt",5500 mAh Battery with 100W Fast Charging,"6.78 inches, 1264 x 2780 px, 120 Hz Display with Punch Hole",50 MP + 8 MP + 2 MP Triple Rear & 16 MP Front Camera,Android v14,No FM Radio
Xiaomi Redmi Note 13 Pro 5G,"₹17,499",83,"Dual Sim, 3G, 4G, 5G, VoLTE, Wi-Fi, IR Blaster","Snapdragon 7s Gen 2, Octa Core, 2.4 GHz Processor","8 GB RAM, 128 GB inbuilt",5100 mAh Battery with 67W Fast Charging,"6.67 inches, 1220 x 2712 px, 120 Hz Display with Punch Hole",200 MP + 8 MP + 2 MP Triple Rear & 16 MP Front Camera,Android v13,No FM Radio
Xiaomi Redmi Note 14,"₹17,290",85,"Dual Sim, 3G, 4G, 5G, VoLTE, Wi-Fi, NFC, IR Blaster","Dimensity 7025 Ultra, Octa Core, 2.5 GHz Processor","6 GB RAM, 128 GB inbuilt",5110 mAh Battery with 45W Fast Charging,"6.67 inches, 1080 x 2400 px, 120 Hz Display with Punch Hole",50 MP + 8 MP + 2 MP Triple Rear & 20 MP Front Camera,"Memory Card (Hybrid), upto 1 TB",Android v14
Motorola Moto Edge 50 Neo,"₹20,999",87,"Dual Sim, 3G, 4G, 5G, VoLTE, Wi-Fi, NFC","Dimensity 7300, Octa Core, 2.5 GHz Processor","8 GB RAM, 256 GB inbuilt",4310 mAh Battery with 68W Fast Charging,"6.4 inches, 1220 x 2712 px, 120 Hz Display with Punch Hole",50 MP + 13 MP + 10 MP Triple Rear & 32 MP Front Camera,Android v14,No FM Radio
Realme GT 6T,"₹25,387",85,"Dual Sim, 3G, 4G, 5G, VoLTE, Vo5G, Wi-Fi, NFC, IR Blaster","Snapdragon 7+ Gen3, Octa Core, 2.8 GHz Processor","8 GB RAM, 128 GB inbuilt",5500 mAh Battery with 120W Fast Charging,"6.78 inches, 1264 x 2780 px, 120 Hz Display with Punch Hole",50 MP + 8 MP Dual Rear & 32 MP Front Camera,Memory Card Not Supported,Android v14
OnePlus Nord CE 4 5G,"₹21,789",83,"Dual Sim, 3G, 4G, 5G, VoLTE, Wi-Fi, IR Blaster","Snapdragon 7 Gen3, Octa Core, 2.63 GHz Processor","8 GB RAM, 128 GB inbuilt",5500 mAh Battery with 100W Fast Charging,"6.7 inches, 1080 x 2412 px, 120 Hz Display with Punch Hole",50 MP + 8 MP Dual Rear & 16 MP Front Camera,"Memory Card (Hybrid), upto 1 TB",Android v14
iQOO 13 5G,"₹54,998",91,"Dual Sim, 3G, 4G, 5G, VoLTE, Wi-Fi, NFC, IR Blaster","Snapdragon 8 Elite, Octa Core, 4.32 GHz Processor","12 GB RAM, 256 GB inbuilt",6000 mAh Battery with 120W Fast Charging,"6.82 inches, 1440 x 3168 px, 144 Hz Display with Punch Hole",50 MP + 50 MP + 50 MP Triple Rear & 32 MP Front Camera,Android v15,No FM Radio
Motorola Moto G45 5G (8GB RAM + 128GB),"₹12,199",81,"Dual Sim, 3G, 4G, 5G, VoLTE, Wi-Fi","Snapdragon 6s Gen3, Octa Core, 2.3 GHz Processor","8 GB RAM, 128 GB inbuilt",5000 mAh Battery with 20W Fast Charging,"6.5 inches, 720 x 1600 px, 120 Hz Display with Punch Hole",50 MP + 2 MP Dual Rear & 16 MP Front Camera,"Memory Card (Hybrid), upto 1 TB",Android v14
iQOO Z9s 5G,"₹19,759",83,"Dual Sim, 3G, 4G, 5G, VoLTE, Wi-Fi","Dimensity 7300, Octa Core, 2.5 GHz Processor","8 GB RAM, 128 GB inbuilt",5500 mAh Battery with 44W Fast Charging,"6.77 inches, 1080 x 2392 px, 120 Hz Display with Punch Hole",50 MP + 2 MP Dual Rear & 16 MP Front Camera,Android v14,Bluetooth
Samsung Galaxy S23 FE 5G,"₹34,999",83,"Dual Sim, 3G, 4G, 5G, VoLTE, Vo5G, Wi-Fi, NFC","Exynos 2200, Octa Core, 2.8 GHz Processor","8 GB RAM, 128 GB inbuilt",4500 mAh Battery with 25W Fast Charging,"6.4 inches, 1080 x 2340 px, 120 Hz Display with Punch Hole",50 MP + 12 MP + 8 MP Triple Rear & 10 MP Front Camera,Memory Card Not Supported,Android v13
Apple iPhone 16,"₹71,290",87,"Dual Sim, 3G, 4G, 5G, VoLTE, Wi-Fi, NFC","Bionic A18, Hexa Core, 4.04 GHz Processor","8 GB RAM, 128 GB inbuilt",3561 mAh Battery with Fast Charging,"6.1 inches, 1179 x 2556 px Display with Dynamic Island Display",48 MP + 12 MP Dual Rear & 12 MP Front Camera,Memory Card Not Supported,iOS v18
OnePlus 13,"₹65,870",93,"Dual Sim, 3G, 4G, 5G, VoLTE, Vo5G, Wi-Fi, NFC, IR Blaster","Snapdragon 8 Elite, Octa Core, 4.32 GHz Processor","12 GB RAM, 256 GB inbuilt",6000 mAh Battery with 100W Fast Charging,"6.82 inches, 1440 x 3168 px, 120 Hz Display with Punch Hole",50 MP + 50 MP + 50 MP Triple Rear & 32 MP Front Camera,Memory Card Not Supported,Android v15
Vivo T3 Ultra,"₹29,999",84,"Dual Sim, 3G, 4G, 5G, VoLTE, Wi-Fi","Dimensity 9200 Plus, Octa Core, 3.35 GHz Processor","8 GB RAM, 128 GB inbuilt",5500 mAh Battery with 80W Fast Charging,"6.78 inches, 1260 x 2800 px, 120 Hz Display with Punch Hole",50 MP + 8 MP Dual Rear & 50 MP Front Camera,Android v14,No FM Radio
Samsung Galaxy S24 Ultra,"₹94,145",94,"Dual Sim, 3G, 4G, 5G, VoLTE, Vo5G, Wi-Fi, NFC","Snapdragon 8 Gen3, Octa Core, 3.3 GHz Processor","12 GB RAM, 256 GB inbuilt",5000 mAh Battery with 45W Fast Charging,"6.8 inches, 1440 x 3120 px, 120 Hz Display with Punch Hole",200 MP Quad Rear & 12 MP Front Camera,Memory Card Not Supported,Android v14
Realme Narzo 70 Turbo 5G,"₹15,248",81,"Dual Sim, 3G, 4G, 5G, VoLTE, Wi-Fi","Dimensity 7300 Energy, Octa Core, 2.5 GHz Processor","6 GB RAM, 128 GB inbuilt",5000 mAh Battery with 45W Fast Charging,"6.67 inches, 1080 x 2400 px, 120 Hz Display with Punch Hole",50 MP + 2 MP Dual Rear & 16 MP Front Camera,"Memory Card (Hybrid), upto 1 TB",Android v14
Motorola Moto G35 5G,"₹9,999",,"Dual Sim, 3G, 4G, 5G, VoLTE, Vo5G, Wi-Fi","Unisoc T760, Octa Core, 2.2 GHz Processor","4 GB RAM, 128 GB inbuilt",5000 mAh Battery with 18W Fast Charging,"6.72 inches, 1080 x 2400 px, 120 Hz Display with Punch Hole",50 MP + 8 MP Dual Rear & 16 MP Front Camera,"Memory Card (Hybrid), upto 1 TB",Android v14
Motorola Edge 50 Pro 5G,"₹27,999",87,"Dual Sim, 3G, 4G, 5G, VoLTE, Vo5G, Wi-Fi, NFC","Snapdragon 7 Gen3, Octa Core, 2.63 GHz Processor","8 GB RAM, 256 GB inbuilt",4500 mAh Battery with 68W Fast Charging,"6.7 inches, 1220 x 2712 px, 144 Hz Display with Punch Hole",50 MP + 13 MP + 10 MP Triple Rear & 50 MP Front Camera,Android v14,No FM Radio
Samsung Galaxy A35 5G,"₹24,349",85,"Dual Sim, 3G, 4G, 5G, VoLTE, Wi-Fi, NFC","Exynos 1380, Octa Core, 2.4 GHz Processor","8 GB RAM, 128 GB inbuilt",5000 mAh Battery with 25W Fast Charging,"6.6 inches, 1080 x 2340 px, 120 Hz Display with Punch Hole",50 MP + 8 MP + 5 MP Triple Rear & 13 MP Front Camera,"Memory Card (Hybrid), upto 1 TB",Android v14
Nothing Phone 3a (8GB RAM + 256GB),"₹24,499",87,"Dual Sim, 3G, 4G, 5G, VoLTE, Wi-Fi, NFC","Snapdragon 7s Gen3, Octa Core, 2.5 GHz Processor","8 GB RAM, 256 GB inbuilt",5000 mAh Battery with 50W Fast Charging,"6.77 inches, 1080 x 2392 px, 120 Hz Display with Punch Hole",50 MP + 50 MP + 8 MP Triple Rear & 32 MP Front Camera,Android v15,No FM Radio
Samsung Galaxy A16 5G,"₹15,499",82,"Dual Sim, 3G, 4G, 5G, VoLTE, Wi-Fi, NFC","Exynos 1330, Octa Core, 2.4 GHz Processor","8 GB RAM, 128 GB inbuilt",5000 mAh Battery with 25W Fast Charging,"6.7 inches, 1080 x 2340 px, 90 Hz Display with Water Drop Notch",50 MP + 5 MP + 2 MP Triple Rear & 13 MP Front Camera,"Memory Card (Hybrid), upto 1.5 TB",Android v14
Vivo X200 Pro 5G,"₹94,999",97,"Dual Sim, 3G, 4G, 5G, VoLTE, Wi-Fi, NFC, IR Blaster","Dimensity 9400, Octa Core, 3.63 GHz Processor","16 GB RAM, 512 GB inbuilt",6000 mAh Battery with 90W Fast Charging,"6.78 inches, 1260 x 2800 px, 120 Hz Display with Punch Hole",200 MP + 50 MP + 50 MP Triple Rear & 32 MP Front Camera,Memory Card Not Supported,Android v15
Motorola Edge 50 Fusion (12GB RAM + 256GB),"₹23,889",87,"Dual Sim, 3G, 4G, 5G, VoLTE, Vo5G, Wi-Fi, NFC","Snapdragon 7s Gen2, Octa Core, 2.4 GHz Processor","12 GB RAM, 256 GB inbuilt",5000 mAh Battery with 68W Fast Charging,"6.67 inches, 1080 x 2400 px, 144 Hz Display with Punch Hole",50 MP + 13 MP Dual Rear & 32 MP Front Camera,Memory Card Not Supported,Android v14
Samsung Galaxy S23 5G,"₹44,994",87,"Dual Sim, 3G, 4G, 5G, VoLTE, Vo5G, Wi-Fi, NFC","Snapdragon 8 Gen 2, Octa Core, 3.36 GHz Processor","8 GB RAM, 128 GB inbuilt",3900 mAh Battery with 25W Fast Charging,"6.1 inches, 1080 x 2340 px, 120 Hz Display with Punch Hole",50 MP + 12 MP + 10 MP Triple Rear & 12 MP Front Camera,Android v13,No FM Radio
iQOO Z9x,"₹10,499",,"Dual Sim, 3G, 4G, 5G, VoLTE, Wi-Fi","Snapdragon 6 Gen1, Octa Core, 2.2 GHz Processor","4 GB RAM, 128 GB inbuilt",6000 mAh Battery with 44W Fast Charging,"6.72 inches, 1080 x 2408 px, 120 Hz Display with Punch Hole",50 MP + 2 MP Dual Rear & 8 MP Front Camera,"Memory Card (Hybrid), upto 1 TB",Android v14
CMF Phone (1),"₹14,088",80,"Dual Sim, 3G, 4G, 5G, VoLTE, Wi-Fi","Dimensity 7300, Octa Core, 2.5 GHz Processor","6 GB RAM, 128 GB inbuilt",5000 mAh Battery with 33W Fast Charging,"6.67 inches, 1080 x 2400 px, 120 Hz Display with Punch Hole",50 MP + 2 MP Dual Rear & 16 MP Front Camera,"Memory Card (Hybrid), upto 2 TB",Android v14
Realme P2 Pro 5G,"₹18,271",82,"Dual Sim, 3G, 4G, 5G, VoLTE, Wi-Fi","Snapdragon 7s Gen 2, Octa Core, 2.4 GHz Processor","8 GB RAM, 128 GB inbuilt",5200 mAh Battery with 80W Fast Charging,"6.7 inches, 1080 x 2412 px, 120 Hz Display with Punch Hole",50 MP + 8 MP Dual Rear & 32 MP Front Camera,Android v14,No FM Radio
OnePlus Nord CE 4 Lite 5G,"₹17,998",83,"Dual Sim, 3G, 4G, 5G, VoLTE, Wi-Fi","Snapdragon 695, Octa Core, 2.2 GHz Processor","8 GB RAM, 128 GB inbuilt",5500 mAh Battery with 80W Fast Charging,"6.67 inches, 1080 x 2400 px, 120 Hz Display with Punch Hole",50 MP + 2 MP Dual Rear & 16 MP Front Camera,"Memory Card (Hybrid), upto 2 TB",Android v14
Samsung Galaxy F55 5G (8GB RAM + 256GB),"₹19,320",87,"Dual Sim, 3G, 4G, 5G, VoLTE, Wi-Fi, NFC","Snapdragon 7 Gen1, Octa Core, 2.4 GHz Processor","8 GB RAM, 256 GB inbuilt",5000 mAh Battery with 45W Fast Charging,"6.7 inches, 1080 x 2400 px, 120 Hz Display with Punch Hole",50 MP + 8 MP + 2 MP Triple Rear & 50 MP Front Camera,"Memory Card (Hybrid), upto 1 TB",Android v14
Poco X6 Neo,"₹12,999",83,"Dual Sim, 3G, 4G, 5G, VoLTE, Wi-Fi, IR Blaster","Dimensity 6080, Octa Core, 2.4 GHz Processor","8 GB RAM, 128 GB inbuilt",5000 mAh Battery with 33W Fast Charging,"6.67 inches, 1080 x 2400 px, 120 Hz Display with Punch Hole",108 MP + 2 MP Dual Rear & 16 MP Front Camera,"Memory Card (Hybrid), upto 1 TB",Android v13
Vivo T3x 5G,"₹12,499",,"Dual Sim, 3G, 4G, 5G, VoLTE, Wi-Fi","Snapdragon 6 Gen1, Octa Core, 2.2 GHz Processor","4 GB RAM, 128 GB inbuilt",6000 mAh Battery with 44W Fast Charging,"6.72 inches, 1080 x 2408 px, 120 Hz Display with Punch Hole",50 MP + 2 MP Dual Rear & 8 MP Front Camera,"Memory Card (Hybrid), upto 1 TB",Android v14
OPPO Reno 13 Pro 5G,"₹49,999",91,"Dual Sim, 3G, 4G, 5G, VoLTE, Wi-Fi, NFC, IR Blaster","Dimensity 8350, Octa Core, 3.35 GHz Processor","12 GB RAM, 256 GB inbuilt",5800 mAh Battery with 80W Fast Charging,"6.83 inches, 1272 x 2800 px, 120 Hz Display with Punch Hole",50 MP + 50 MP + 8 MP Triple Rear & 50 MP Front Camera,Android v15,No FM Radio
Xiaomi Redmi 13 5G,"₹12,169",80,"Dual Sim, 3G, 4G, 5G, VoLTE, Wi-Fi, IR Blaster","Snapdragon 4 Gen 2 AE, Octa Core, 2.3 GHz Processor","6 GB RAM, 128 GB inbuilt",5030 mAh Battery with 33W Fast Charging,"6.79 inches, 1080 x 2460 px, 120 Hz Display with Punch Hole",108 MP + Macro Dual Rear & 13 MP Front Camera,"Memory Card (Hybrid), upto 1 TB",Android v14
Poco M7 Pro 5G,"₹13,499",,"Dual Sim, 3G, 4G, 5G, VoLTE, Wi-Fi, IR Blaster","Dimensity 7025 Ultra, Octa Core, 2.5 GHz Processor","6 GB RAM, 128 GB inbuilt",5110 mAh Battery with 45W Fast Charging,"6.67 inches, 1080 x 2400 px, 120 Hz Display with Punch Hole",50 MP + 2 MP Dual Rear & 20 MP Front Camera,"Memory Card (Hybrid), upto 1 TB",Android v14
Xiaomi Redmi Note 13 Pro Plus 5G,"₹22,499",87,"Dual Sim, 3G, 4G, 5G, VoLTE, Wi-Fi, NFC, IR Blaster","Dimensity 7200 Ultra, Octa Core, 2.8 GHz Processor","8 GB RAM, 256 GB inbuilt",5000 mAh Battery with 120W Fast Charging,"6.67 inches, 1220 x 2712 px, 120 Hz Display with Punch Hole",200 MP + 8 MP + 2 MP Triple Rear & 16 MP Front Camera,Memory Card Not Supported,Android v13
Vivo V40 5G,"₹31,990",85,"Dual Sim, 3G, 4G, 5G, VoLTE, Wi-Fi","Snapdragon 7 Gen3, Octa Core, 2.63 GHz Processor","8 GB RAM, 128 GB inbuilt",5500 mAh Battery with 80W Fast Charging,"6.78 inches, 1260 x 2800 px, 120 Hz Display with Punch Hole",50 MP + 50 MP Dual Rear & 50 MP Front Camera,Memory Card Not Supported,Android v14
Samsung Galaxy S24 Plus,"₹54,999",89,"Dual Sim, 3G, 4G, 5G, VoLTE, Vo5G, Wi-Fi, NFC","Exynos 2400, Deca Core, 3.2 GHz Processor","12 GB RAM, 256 GB inbuilt",4900 mAh Battery with 45W Fast Charging,"6.7 inches, 1440 x 3120 px, 120 Hz Display with Punch Hole",50 MP + 12 MP + 10 MP Triple Rear & 12 MP Front Camera,Android v14,No FM Radio
Motorola Moto G45 5G,"₹10,999",,"Dual Sim, 3G, 4G, 5G, VoLTE, Wi-Fi","Snapdragon 6s Gen3, Octa Core, 2.3 GHz Processor","4 GB RAM, 128 GB inbuilt",5000 mAh Battery with 20W Fast Charging,"6.5 inches, 720 x 1600 px, 120 Hz Display with Punch Hole",50 MP + 2 MP Dual Rear & 16 MP Front Camera,"Memory Card (Hybrid), upto 1 TB",Android v14
Xiaomi Redmi Note 14 Pro Plus,"₹30,499",85,"Dual Sim, 3G, 4G, 5G, VoLTE, Wi-Fi, NFC, IR Blaster","Snapdragon 7s Gen3, Octa Core, 2.5 GHz Processor","8 GB RAM, 128 GB inbuilt",6200 mAh Battery with 90W Fast Charging,"6.67 inches, 1220 x 2712 px, 120 Hz Display with Punch Hole",50 MP + 50 MP + 8 MP Triple Rear & 20 MP Front Camera,Memory Card Not Supported,Android v14
Poco X6 Pro 5G,"₹20,499",84,"Dual Sim, 3G, 4G, 5G, VoLTE, Wi-Fi, NFC, IR Blaster","Dimensity 8300 Ultra, Octa Core, 3.35 GHz Processor","8 GB RAM, 256 GB inbuilt",5000 mAh Battery with 67W Fast Charging,"6.67 inches, 1220 x 2712 px, 120 Hz Display with Punch Hole",64 MP + 8 MP + 2 MP Triple Rear & 16 MP Front Camera,Android v14,No FM Radio
Apple iPhone 15,"₹60,900",83,"Dual Sim, 3G, 4G, 5G, VoLTE, Wi-Fi, NFC","Bionic A16, Hexa Core, 3.46 GHz Processor","6 GB RAM, 128 GB inbuilt",3349 mAh Battery with Fast Charging,"6.1 inches, 1179 x 2556 px Display with Dynamic Island",48 MP + 12 MP Dual Rear & 12 MP Front Camera,Memory Card Not Supported,iOS v17
iQOO Z9s Pro 5G,"₹22,999",84,"Dual Sim, 3G, 4G, 5G, VoLTE, Wi-Fi","Snapdragon 7 Gen3, Octa Core, 2.63 GHz Processor","8 GB RAM, 128 GB inbuilt",5500 mAh Battery with 80W Fast Charging,"6.77 inches, 1080 x 2392 px, 120 Hz Display with Punch Hole",50 MP + 8 MP Dual Rear & 16 MP Front Camera,Memory Card Not Supported,Android v14
Vivo V50 5G (12GB RAM + 512GB),"₹40,999",88,"Dual Sim, 3G, 4G, 5G, VoLTE, Wi-Fi","Snapdragon 7 Gen3, Octa Core, 2.63 GHz Processor","12 GB RAM, 512 GB inbuilt",6000 mAh Battery with 90W Fast Charging,"6.77 inches, 1080 x 2392 px, 120 Hz Display with Punch Hole",50 MP + 50 MP Dual Rear & 50 MP Front Camera,Memory Card Not Supported,Android v15
Realme 13 Pro Plus 5G,"₹25,999",86,"Dual Sim, 3G, 4G, 5G, VoLTE, Wi-Fi","Snapdragon 7s Gen2, Octa Core, 2.4 GHz Processor","8 GB RAM, 256 GB inbuilt",5200 mAh Battery with 80W Fast Charging,"6.7 inches, 1080 x 2412 px, 120 Hz Display with Punch Hole",50 MP + 50 MP + 8 MP Triple Rear & 32 MP Front Camera,Memory Card Not Supported,Android v14
Apple iPhone 16e,"₹58,400",85,"Dual Sim, 3G, 4G, 5G, VoLTE, Wi-Fi, NFC","Bionic A18, Hexa Core, 4.04 GHz Processor","8 GB RAM, 128 GB inbuilt",4005 mAh Battery with Fast Charging,"6.1 inches, 1170 x 2532 px Display with Small Notch",48 MP Rear & 12 MP Front Camera,Memory Card Not Supported,iOS v18
Samsung Galaxy S23 Ultra 5G,"₹79,999",93,"Dual Sim, 3G, 4G, 5G, VoLTE, Vo5G, Wi-Fi, NFC","Snapdragon 8 Gen 2, Octa Core, 3.36 GHz Processor","12 GB RAM, 256 GB inbuilt",5000 mAh Battery with 45W Fast Charging,"6.8 inches, 1440 x 3088 px, 120 Hz Display with Punch Hole",200 MP Quad Rear & 12 MP Front Camera,Memory Card Not Supported,Android v13
Samsung Galaxy A26 5G,"₹24,999",85,"Dual Sim, 3G, 4G, 5G, VoLTE, Wi-Fi, NFC","Exynos 1380, Octa Core, 2.4 GHz Processor","8 GB RAM, 128 GB inbuilt",5000 mAh Battery with 25W Fast Charging,"6.7 inches, 1080 x 2340 px, 120 Hz Display with Water Drop Notch",50 MP + 8 MP + 2 MP Triple Rear & 13 MP Front Camera,"Memory Card (Hybrid), upto 2 TB",Android v15
Realme 13 Plus 5G,"₹16,198",85,"Dual Sim, 3G, 4G, 5G, VoLTE, Wi-Fi, NFC","Dimensity 7300 E, Octa Core, 2.5 GHz Processor","8 GB RAM, 128 GB inbuilt",5000 mAh Battery with 80W Fast Charging,"6.67 inches, 1080 x 2400 px, 120 Hz Display with Punch Hole",50 MP + 2 MP Dual Rear & 16 MP Front Camera,"Memory Card (Hybrid), upto 2 TB",Android v14
Poco X7 5G,"₹18,999",84,"Dual Sim, 3G, 4G, 5G, VoLTE, Vo5G, Wi-Fi, NFC, IR Blaster","Dimensity 7300 Ultra, Octa Core, 2.5 GHz Processor","8 GB RAM, 128 GB inbuilt",5500 mAh Battery with 45W Fast Charging,"6.67 inches, 1220 x 2712 px, 120 Hz Display with Punch Hole",50 MP + 8 MP + 2 MP Triple Rear & 20 MP Front Camera,Android v14,No FM Radio
Nothing Phone 3a Pro (12GB RAM + 256GB),"₹33,999",89,"Dual Sim, 3G, 4G, 5G, VoLTE, Wi-Fi, NFC","Snapdragon 7s Gen 3, Octa Core, 2.5 GHz Processor","12 GB RAM, 256 GB inbuilt",5000 mAh Battery with 50W Fast Charging,"6.77 inches, 1080 x 2392 px, 120 Hz Display with Punch Hole",50 MP + 50 MP + 8 MP Triple Rear & 50 MP Front Camera,Memory Card Not Supported,Android v15
OnePlus 12R (8GB RAM + 256GB),"₹35,470",86,"Dual Sim, 3G, 4G, 5G, VoLTE, Wi-Fi, NFC, IR Blaster","Snapdragon 8 Gen2, Octa Core, 3.2 GHz Processor","8 GB RAM, 256 GB inbuilt",5500 mAh Battery with 100W Fast Charging,"6.78 inches, 1264 x 2780 px, 120 Hz Display with Punch Hole",50 MP + 8 MP + 2 MP Triple Rear & 16 MP Front Camera,Android v14,No FM Radio
Apple iPhone 16 Pro Max,"₹1,35,900",90,"Dual Sim, 3G, 4G, 5G, VoLTE, Wi-Fi, NFC","Bionic A18 Pro, Hexa Core, 4.05 GHz Processor","8 GB RAM, 256 GB inbuilt",4685 mAh Battery with Fast Charging,"6.9 inches, 1320 x 2868 px, 120 Hz Display with Dynamic Island",48 MP + 48 MP + 12 MP Triple Rear & 12 MP Front Camera,Memory Card Not Supported,iOS v18
Samsung Galaxy M06 5G,"₹9,199",,"Dual Sim, 3G, 4G, 5G, VoLTE, Wi-Fi","Dimensity 6300, Octa Core, 2.4 GHz Processor","4 GB RAM, 128 GB inbuilt",5000 mAh Battery with 25W Fast Charging,"6.74 inches, 720 x 1600 px, 90 Hz Display with Water Drop Notch",50 MP + 2 MP Dual Rear & 8 MP Front Camera,"Memory Card (Hybrid), upto 1.5 TB",Android v15
Samsung Galaxy A55 5G,"₹32,190",88,"Dual Sim, 3G, 4G, 5G, VoLTE, Wi-Fi, NFC","Exynos 1480, Octa Core, 2.7 GHz Processor","8 GB RAM, 128 GB inbuilt",5000 mAh Battery with 25W Fast Charging,"6.6 inches, 1080 x 2340 px, 120 Hz Display with Punch Hole",50 MP + 12 MP + 5 MP Triple Rear & 32 MP Front Camera,"Memory Card (Hybrid), upto 1 TB",Android v14
Vivo V30 5G,"₹25,499",84,"Dual Sim, 3G, 4G, 5G, VoLTE, Wi-Fi","Snapdragon 7 Gen3, Octa Core, 2.63 GHz Processor","8 GB RAM, 128 GB inbuilt",5000 mAh Battery with 80W Fast Charging,"6.78 inches, 1260 x 2800 px, 120 Hz Display with Punch Hole",50 MP + 50 MP Dual Rear & 50 MP Front Camera,Android v14,No FM Radio
Xiaomi Redmi Note 13 5G,"₹14,499",81,"Dual Sim, 3G, 4G, 5G, VoLTE, Vo5G, Wi-Fi, IR Blaster","Dimensity 6080, Octa Core, 2.4 GHz Processor","6 GB RAM, 128 GB inbuilt",5000 mAh Battery with 33W Fast Charging,"6.67 inches, 1080 x 2400 px, 120 Hz Display with Punch Hole",108 MP + 8 MP + 2 MP Triple Rear & 16 MP Front Camera,"Memory Card Supported, upto 1 TB",Android v13
Realme 14 Pro 5G,"₹24,897",81,"Dual Sim, 3G, 4G, 5G, VoLTE, Wi-Fi","Dimensity 7300 Energy, Octa Core, 2.5 GHz Processor","8 GB RAM, 128 GB inbuilt",6000 mAh Battery with 45W Fast Charging,"6.77 inches, 1080 x 2392 px, 120 Hz Display with Punch Hole",50 MP + 2 MP Dual Rear & 16 MP Front Camera,Android v15,No FM Radio
Infinix Note 40X 5G (12GB RAM +256GB),"₹13,995",86,"Dual Sim, 3G, 4G, 5G, VoLTE, Wi-Fi, NFC, IR Blaster","Dimensity 6300, Octa Core, 2.4 GHz Processor","12 GB RAM, 256 GB inbuilt",5000 mAh Battery with 18W Fast Charging,"6.78 inches, 1080 x 2406 px, 120 Hz Display with Punch Hole",108 MP + 2 MP Triple Rear & 8 MP Front Camera,"Memory Card Supported, upto 1 TB",Android v14
OPPO K12x,"₹12,395",,"Dual Sim, 3G, 4G, 5G, VoLTE, Wi-Fi","Dimensity 6300, Octa Core, 2.4 GHz Processor","6 GB RAM, 128 GB inbuilt",5100 mAh Battery with 45W Fast Charging,"6.67 inches, 720 x 1604 px, 120 Hz Display with Punch Hole",32 MP + 2 MP Dual Rear & 8 MP Front Camera,"Memory Card (Hybrid), upto 1 TB",Android v14
Motorola Moto G64 5G (12GB RAM + 256GB),"₹15,900",85,"Dual Sim, 3G, 4G, 5G, VoLTE, Vo5G, Wi-Fi","Dimensity 7025, Octa Core, 2.5 GHz Processor","12 GB RAM, 256 GB inbuilt",6000 mAh Battery with 33W Fast Charging,"6.5 inches, 1080 x 2400 px, 120 Hz Display with Punch Hole",50 MP + 8 MP Dual Rear & 16 MP Front Camera,"Memory Card (Hybrid), upto 1 TB",Android v14
Samsung Galaxy M16 5G (8GB RAM + 128GB),"₹14,499",81,"Dual Sim, 3G, 4G, 5G, VoLTE, Wi-Fi, NFC","Dimensity 6300, Octa Core, 2.4 GHz Processor","8 GB RAM, 128 GB inbuilt",5000 mAh Battery with 25W Fast Charging,"6.7 inches, 1080 x 2340 px, 90 Hz Display with Punch Hole",50 MP + 5 MP + 2 MP Triple Rear & 13 MP Front Camera,"Memory Card (Hybrid), upto 1.5 TB",Android v15
Motorola Moto G05,"₹6,999",,"Dual Sim, 3G, 4G, VoLTE, Wi-Fi, NFC","Helio G81 Ultra, Octa Core, 2 GHz Processor","4 GB RAM, 64 GB inbuilt",5200 mAh Battery with 18W Fast Charging,"6.67 inches, 720 x 1604 px, 90 Hz Display with Punch Hole",50 MP Rear & 8 MP Front Camera,"Memory Card Supported, upto 1 TB",Android v15
Poco F6 5G,"₹22,999",84,"Dual Sim, 3G, 4G, 5G, VoLTE, Wi-Fi, NFC, IR Blaster","Snapdragon 8s Gen3, Octa Core, 3 GHz Processor","8 GB RAM, 256 GB inbuilt",5000 mAh Battery with 90W Fast Charging,"6.67 inches, 1220 x 2712 px, 120 Hz Display with Punch Hole",50 MP + 8 MP Dual Rear & 20 MP Front Camera,Memory Card Not Supported,Android v14
Xiaomi Redmi Note 14 Pro 5G,"₹23,499",83,"Dual Sim, 3G, 4G, 5G, VoLTE, Wi-Fi, NFC, IR Blaster","Dimensity 7300 Ultra, Octa Core, 2.5 GHz Processor","8 GB RAM, 128 GB inbuilt",5500 mAh Battery with 45W Fast Charging,"6.67 inches, 1220 x 2712 px, 120 Hz Display with Punch Hole",50 MP + 8 MP + 2 MP Triple Rear & 20 MP Front Camera,Android v14,No FM Radio
Xiaomi 15,"₹64,999",92,"Dual Sim, 3G, 4G, 5G, VoLTE, Vo5G, Wi-Fi, NFC, IR Blaster","Snapdragon 8 Elite, Octa Core, 4.32 GHz Processor","12 GB RAM, 512 GB inbuilt",5240 mAh Battery with 90W Fast Charging,"6.36 inches, 1200 x 2670 px, 120 Hz Display with Punch Hole",50 MP + 50 MP + 50 MP Triple Rear & 32 MP Front Camera,Android v15,No FM Radio
Samsung Galaxy S24 5G,"₹55,900",89,"Dual Sim, 3G, 4G, 5G, VoLTE, Vo5G, Wi-Fi, NFC","Exynos 2400, Deca Core, 3.2 GHz Processor","8 GB RAM, 256 GB inbuilt",4000 mAh Battery with 25W Fast Charging,"6.2 inches, 1080 x 2340 px, 120 Hz Display with Punch Hole",50 MP + 12 MP + 10 MP Triple Rear & 12 MP Front Camera,Android v14,No FM Radio
OPPO Reno 13 5G (8GB+256GB),"₹34,990",87,"Dual Sim, 3G, 4G, 5G, VoLTE, Wi-Fi, NFC, IR Blaster","Dimensity 8350, Octa Core, 3.35 GHz Processor","8 GB RAM, 256 GB inbuilt",5600 mAh Battery with 80W Fast Charging,"6.59 inches, 1256 x 2760 px, 120 Hz Display with Punch Hole",50 MP + 8 MP + 2 MP Triple Rear & 50 MP Front Camera,Android v15,No FM Radio
Vivo V50 5G (8GB RAM + 256GB),"₹36,999",86,"Dual Sim, 3G, 4G, 5G, VoLTE, Wi-Fi","Snapdragon 7 Gen3, Octa Core, 2.63 GHz Processor","8 GB RAM, 256 GB inbuilt",6000 mAh Battery with 90W Fast Charging,"6.77 inches, 1080 x 2392 px, 120 Hz Display with Punch Hole",50 MP + 50 MP Dual Rear & 50 MP Front Camera,Memory Card Not Supported,Android v15
Vivo Y29 5G,"₹13,999",,"Dual Sim, 3G, 4G, 5G, VoLTE, Wi-Fi","Dimensity 6300, Octa Core, 2.4 GHz Processor","4 GB RAM, 128 GB inbuilt",5500 mAh Battery with 44W Fast Charging,"6.68 inches, 720 x 1608 px, 120 Hz Display with Punch Hole",50 MP + 0.08 MP Dual Rear & 8 MP Front Camera,"Memory Card (Hybrid), upto 1 TB",Android v14
Motorola Moto G85 5G (12GB RAM + 256GB),"₹19,190",84,"Dual Sim, 3G, 4G, 5G, VoLTE, Wi-Fi","Snapdragon 6s Gen3, Octa Core, 2.3 GHz Processor","12 GB RAM, 256 GB inbuilt",5000 mAh Battery with 33W Fast Charging,"6.67 inches, 1080 x 2400 px, 120 Hz Display with Punch Hole",50 MP + 8 MP Dual Rear & 32 MP Front Camera,"Memory Card (Hybrid), upto 1 TB",Android v14
Realme P1 5G (8GB RAM+ 128GB),"₹13,975",82,"Dual Sim, 3G, 4G, 5G, VoLTE, Wi-Fi","Dimensity 7050, Octa Core, 2.6 GHz Processor","8 GB RAM, 128 GB inbuilt",5000 mAh Battery with 45W Fast Charging,"6.67 inches, 1080 x 2400 px, 120 Hz Display with Punch Hole",50 MP + 2 MP Dual Rear & 16 MP Front Camera,"Memory Card (Hybrid), upto 2 TB",Android v14
Google Pixel 8A,"₹34,999",,"Dual Sim, 3G, 4G, 5G, VoLTE, Wi-Fi, NFC","Tensor G3, Nine-Cores, 3 GHz Processor","8 GB RAM, 128 GB inbuilt",4492 mAh Battery with Fast Charging,"6.1 inches, 1080 x 2400 px, 120 Hz Display with Punch Hole",64 MP + 13 MP Dual Rear & 13 MP Front Camera,Memory Card Not Supported,Android v14
Vivo Y19e,"₹7,999",,"Dual Sim, 3G, 4G, VoLTE, Wi-Fi","Unisoc T7225, Octa Core, 1.8 GHz Processor","4 GB RAM, 64 GB inbuilt",5500 mAh Battery with 15W Fast Charging,"6.74 inches, 720 x 1600 px Display with Water Drop Notch",13 MP + 0.08 MP Dual Rear & 5 MP Front Camera,Memory Card Supported,Android v14
Vivo X200 5G,"₹59,990",91,"Dual Sim, 3G, 4G, 5G, VoLTE, Wi-Fi, NFC, IR Blaster","Dimensity 9400, Octa Core, 3.63 GHz Processor","12 GB RAM, 256 GB inbuilt",5800 mAh Battery with 90W Fast Charging,"6.67 inches, 1260 x 2800 px, 120 Hz Display with Punch Hole",50 MP + 50 MP + 50 MP Triple Rear & 32 MP Front Camera,Memory Card Not Supported,Android v15
Motorola Edge 50 Pro (12GB RAM + 256GB),"₹29,499",88,"Dual Sim, 3G, 4G, 5G, VoLTE, Vo5G, Wi-Fi, NFC","Snapdragon 7 Gen3, Octa Core, 2.63 GHz Processor","12 GB RAM, 256 GB inbuilt",4500 mAh Battery with 125W Fast Charging,"6.7 inches, 1220 x 2712 px, 144 Hz Display with Punch Hole",50 MP + 13 MP + 10 MP Triple Rear & 50 MP Front Camera,Android v14,No FM Radio
OnePlus Nord CE 3 Lite 5G,"₹16,499",85,"Dual Sim, 3G, 4G, 5G, VoLTE, Wi-Fi","Snapdragon 695 5G, Octa Core, 2.2 GHz Processor","8 GB RAM, 128 GB inbuilt",5000 mAh Battery with 67W Fast Charging,"6.72 inches, 1080 x 2400 px, 120 Hz Display with Punch Hole",108 MP + 2 MP + 2 MP Triple Rear & 16 MP Front Camera,"Memory Card (Hybrid), upto 1 TB",Android v13
Realme P3x 5G (8GB RAM + 128GB),"₹14,434",81,"Dual Sim, 3G, 4G, 5G, VoLTE, Wi-Fi","Dimensity 6400, Octa Core, 2.5 GHz Processor","8 GB RAM, 128 GB inbuilt",6000 mAh Battery with 45W Fast Charging,"6.72 inches, 1080 x 2400 px, 120 Hz Display with Punch Hole",50 MP + 2 MP Dual Rear & 8 MP Front Camera,Memory Card (Hybrid),Android v15
Realme GT 6,"₹33,999",89,"Dual Sim, 3G, 4G, 5G, VoLTE, Vo5G, Wi-Fi, NFC, IR Blaster","Snapdragon 8s Gen3, Octa Core, 3 GHz Processor","8 GB RAM, 256 GB inbuilt",5500 mAh Battery with 120W Fast Charging,"6.78 inches, 1264 x 2780 px, 120 Hz Display with Punch Hole",50 MP + 50 MP + 8 MP Triple Rear & 32 MP Front Camera,Memory Card Not Supported,Android v14
Vivo V40e 5G,"₹25,999",83,"Dual Sim, 3G, 4G, 5G, VoLTE, Wi-Fi","Dimensity 7300, Octa Core, 2.5 GHz Processor","8 GB RAM, 128 GB inbuilt",5500 mAh Battery with 80W Fast Charging,"6.77 inches, 1080 x 2392 px, 120 Hz Display with Punch Hole",50 MP + 8 MP Dual Rear & 50 MP Front Camera,Android v14,No FM Radio
Oppo F25 Pro 5G,"₹21,999",85,"Dual Sim, 3G, 4G, 5G, VoLTE, Wi-Fi","Dimensity 7050, Octa Core, 2.6 GHz Processor","8 GB RAM, 128 GB inbuilt",5000 mAh Battery with 67W Fast Charging,"6.7 inches, 1080 x 2412 px, 120 Hz Display with Punch Hole",64 MP + 8 MP + 2 MP Triple Rear & 32 MP Front Camera,"Memory Card (Hybrid), upto 2 TB",Android v14
Poco M6 Plus 5G,"₹10,499",80,"Dual Sim, 3G, 4G, 5G, VoLTE, Wi-Fi, IR Blaster","Snapdragon 4 Gen2 AE, Octa Core, 2.3 GHz Processor","6 GB RAM, 128 GB inbuilt",5030 mAh Battery with 33W Fast Charging,"6.79 inches, 1080 x 2460 px, 120 Hz Display with Punch Hole",108 MP + 2 MP Dual Rear & 13 MP Front Camera,"Memory Card (Hybrid), upto 1 TB",Android v14
Samsung Galaxy F06 5G,"₹9,999",,"Dual Sim, 3G, 4G, 5G, VoLTE, Wi-Fi","Dimensity 6300, Octa Core, 2.4 GHz Processor","4 GB RAM, 128 GB inbuilt",5000 mAh Battery with 25W Fast Charging,"6.7 inches, 720 x 1600 px Display with Water Drop Notch",50 MP + 2 MP Dual Rear & 8 MP Front Camera,"Memory Card (Hybrid), upto 1 TB",Android v15
iQOO Z9x (6GB RAM + 128GB),"₹11,999",,"Dual Sim, 3G, 4G, 5G, VoLTE, Wi-Fi","Snapdragon 6 Gen1, Octa Core, 2.2 GHz Processor","6 GB RAM, 128 GB inbuilt",6000 mAh Battery with 44W Fast Charging,"6.72 inches, 1080 x 2408 px, 120 Hz Display with Punch Hole",50 MP + 2 MP Dual Rear & 8 MP Front Camera,"Memory Card (Hybrid), upto 1 TB",Android v14
Xiaomi Redmi Note 13 Pro 5G (12GB RAM + 256GB),"₹18,659",85,"Dual Sim, 3G, 4G, 5G, VoLTE, Wi-Fi, IR Blaster","Snapdragon 7s Gen 2, Octa Core, 2.4 GHz Processor","12 GB RAM, 256 GB inbuilt",5100 mAh Battery with 67W Fast Charging,"6.67 inches, 1220 x 2712 px, 120 Hz Display with Punch Hole",200 MP + 8 MP + 2 MP Triple Rear & 16 MP Front Camera,Android v13,No FM Radio
Samsung Galaxy M16 5G (6GB RAM + 128GB),"₹12,999",,"Dual Sim, 3G, 4G, 5G, VoLTE, Wi-Fi, NFC","Dimensity 6300, Octa Core, 2.4 GHz Processor","6 GB RAM, 128 GB inbuilt",5000 mAh Battery with 25W Fast Charging,"6.7 inches, 1080 x 2340 px, 90 Hz Display with Punch Hole",50 MP + 5 MP + 2 MP Triple Rear & 13 MP Front Camera,"Memory Card (Hybrid), upto 1.5 TB",Android v15
OnePlus Nord 4 5G (8GB RAM + 256GB),"₹27,697",85,"Dual Sim, 3G, 4G, 5G, VoLTE, Wi-Fi, NFC, IR Blaster","Snapdragon 7+ Gen3, Octa Core, 2.8 GHz Processor","8 GB RAM, 256 GB inbuilt",5500 mAh Battery with 100W Fast Charging,"6.74 inches, 1240 x 2772 px, 120 Hz Display with Punch Hole",50 MP + 8 MP Dual Rear & 16 MP Front Camera,Android v14,No FM Radio
Motorola Edge 50 Ultra 5G,"₹47,789",92,"Dual Sim, 3G, 4G, 5G, VoLTE, Vo5G, Wi-Fi, NFC","Snapdragon 8s Gen3, Octa Core, 3 GHz Processor","12 GB RAM, 512 GB inbuilt",4500 mAh Battery with 125W Fast Charging,"6.7 inches, 1220 x 2712 px, 144 Hz Display with Punch Hole",64 MP + 50 MP + 50 MP Triple Rear & 50 MP Front Camera,Android v14,No FM Radio
Samsung Galaxy A56 5G (12GB RAM + 256GB),"₹47,999",86,"Dual Sim, 3G, 4G, 5G, VoLTE, Wi-Fi, NFC","Exynos 1580, Octa Core, 2.9 GHz Processor","12 GB RAM, 256 GB inbuilt",5000 mAh Battery with 45W Fast Charging,"6.7 inches, 1080 x 2340 px, 120 Hz Display with Punch Hole",50 MP + 12 MP + 5 MP Triple Rear & 12 MP Front Camera,Android v15,No FM Radio
Poco C75 5G,"₹7,999",,"Dual Sim, 3G, 4G, 5G, VoLTE, Wi-Fi","Snapdragon 4s Gen2, Octa Core, 2 GHz Processor","4 GB RAM, 64 GB inbuilt",5160 mAh Battery with 18W Fast Charging,"6.88 inches, 720 x 1650 px, 120 Hz Display with Water Drop Notch",50 MP Dual Rear & 5 MP Front Camera,"Memory Card Supported, upto 1 TB",Android v14
Vivo V40 Pro,"₹46,990",89,"Dual Sim, 3G, 4G, 5G, VoLTE, Wi-Fi","Dimensity 9200 Plus, Octa Core, 3.35 GHz Processor","8 GB RAM, 256 GB inbuilt",5500 mAh Battery with 80W Fast Charging,"6.78 inches, 1260 x 2800 px, 120 Hz Display with Punch Hole",50 MP + 50 MP + 50 MP Triple Rear & 50 MP Front Camera,Memory Card Not Supported,Android v14
Oppo F29,"₹23,999",,"Dual Sim, 3G, 4G, 5G, VoLTE, Wi-Fi, IR Blaster","Snapdragon 6 Gen1, Octa Core, 2.2 GHz Processor","8 GB RAM, 128 GB inbuilt",6500 mAh Battery with 45W Fast Charging,"6.7 inches, 1080 x 2412 px, 120 Hz Display with Punch Hole",50 MP + 2 MP Dual Rear & 16 MP Front Camera,Android v15,No FM Radio
iQOO 12 5G,"₹39,999",89,"Dual Sim, 3G, 4G, 5G, VoLTE, Wi-Fi, NFC, IR Blaster","Snapdragon 8 Gen3, Octa Core, 3.3 GHz Processor","12 GB RAM, 256 GB inbuilt",5000 mAh Battery with 120W Fast Charging,"6.78 inches, 1260 x 2800 px, 144 Hz Display with Punch Hole",64 MP + 50 MP + 50 MP Triple Rear & 16 MP Front Camera,Android v14,No FM Radio
iQOO Z7 Pro 5G,"₹18,499",80,"Dual Sim, 3G, 4G, 5G, VoLTE, Wi-Fi","Dimensity 7200, Octa Core, 2.8 GHz Processor","8 GB RAM, 128 GB inbuilt",4600 mAh Battery with 66W Fast Charging,"6.78 inches, 1080 x 2400 px, 120 Hz Display with Punch Hole",64 MP + 2 MP Dual Rear & 16 MP Front Camera,Android v13,No FM Radio
Xiaomi Redmi Note 11T 5G,"₹11,499",,"Dual Sim, 3G, 4G, 5G, VoLTE, Wi-Fi, IR Blaster","Dimensity  810 5G, Octa Core, 2.4 GHz Processor","6 GB RAM, 64 GB inbuilt",5000 mAh Battery with 33W Fast Charging,"6.6 inches, 1080 x 2400 px, 90 Hz Display with Punch Hole",50 MP + 8 MP Dual Rear & 16 MP Front Camera,"Memory Card (Hybrid), upto 1 TB",Android v11
Apple iPhone 13,"₹43,999",,"Dual Sim, 3G, 4G, 5G, VoLTE, Wi-Fi, NFC","Bionic A15, Hexa Core, 3.22 GHz Processor","4 GB RAM, 128 GB inbuilt",3240 mAh Battery with Fast Charging,"6.1 inches, 1170 x 2532 px Display with Small Notch",12 MP + 12 MP Dual Rear & 12 MP Front Camera,Memory Card Not Supported,iOS v15
Poco X7 Pro (12GB RAM + 256GB),"₹27,999",86,"Dual Sim, 3G, 4G, 5G, VoLTE, Wi-Fi, NFC, IR Blaster","Dimensity 8400 Ultra, Octa Core, 3.25 GHz Processor","12 GB RAM, 256 GB inbuilt",6550 mAh Battery with 90W Fast Charging,"6.67 inches, 1220 x 2712 px, 120 Hz Display with Punch Hole",50 MP + 8 MP Dual Rear & 20 MP Front Camera,Android v15,No FM Radio
Realme 14x 5G,"₹13,965",,"Dual Sim, 3G, 4G, 5G, VoLTE, Wi-Fi","Dimensity 6300, Octa Core, 2.4 GHz Processor","6 GB RAM, 128 GB inbuilt",6000 mAh Battery with 45W Fast Charging,"6.67 inches, 720 x 1604 px, 120 Hz Display with Punch Hole",50 MP + 2 MP Dual Rear & 8 MP Front Camera,Memory Card (Hybrid),Android v14
iQOO Neo 9 Pro 5G,"₹41,500",83,"Dual Sim, 3G, 4G, 5G, VoLTE, Wi-Fi, IR Blaster","Snapdragon 8 Gen2, Octa Core, 3.2 GHz Processor","8 GB RAM, 256 GB inbuilt",5160 mAh Battery with 120W Fast Charging,"6.78 inches, 1260 x 2800 px, 144 Hz Display with Punch Hole",50 MP + 8 MP Dual Rear & 16 MP Front Camera,Android v14,No FM Radio
Xiaomi Redmi Note 14 (8GB RAM + 256GB),"₹20,899",88,"Dual Sim, 3G, 4G, 5G, VoLTE, Wi-Fi, NFC, IR Blaster","Dimensity 7025 Ultra, Octa Core, 2.5 GHz Processor","8 GB RAM, 256 GB inbuilt",5110 mAh Battery with 45W Fast Charging,"6.67 inches, 1080 x 2400 px, 120 Hz Display with Punch Hole",50 MP + 8 MP + 2 MP Triple Rear & 20 MP Front Camera,"Memory Card (Hybrid), upto 1 TB",Android v14
