Brand,Product Name,Discount Price,Actual Price,Ratings
NIKE,Men Colourblock Duffle Bag with Double Handles,"₹1,836","₹2,295",4.7
NIKE,Men Logo Print Backpack,"₹3,971","₹5,295",4.6
NIKE,Men Embroidered Backpack,"₹1,921","₹2,495",
Skybags,Men Colourblock Laptop Backpack with Zip Closure,₹900,"₹2,400",3.7
ARISTOCRAT,Graphic Print Back Pack with Zip-Closure,₹465,"₹2,110",3.7
MOKOBARA,The Bliss Multipurpose Laptop Backpack for Women,"₹6,500","₹11,999",4.3
ARISTOCRAT,Graphic Print Back Pack with Zip-Closure,₹465,"₹2,110",3.6
NIKE,"Men Logo Print 16"" Laptop Backpack","₹4,396","₹5,495",4.3
MOKOBARA,Men Everyday Backpack with Adjustable Straps,"₹6,500","₹11,999",4.2
NIKE,Men Brand Print Backpack,"₹1,996","₹2,495",
Puma,Graphic Print Everyday Backpack,₹989,"₹2,299",4.1
MOKOBARA,Men Everyday Backpack with Adjustable Straps,"₹4,300","₹8,999",4.5
NIKE,DH7709-010 Logo Print Backpack,"₹2,236","₹2,795",4.2
Skybags,Men Laptop Backpack with Zip Closure,"₹1,050","₹2,800",3.7
MOKOBARA,Men Everyday Backpack with Adjustable Straps,"₹6,499","₹10,999",4.9
NIKE,Men ELMNTL Backpack with Adjustable Straps,"₹2,066","₹2,295",
CONVERSE,Men Back Pack,"₹5,599",,
MOKOBARA,The Kaleido Unisex Multipurpose Backpack,"₹3,999","₹6,999",4.3
NIKE,"16"" Laptop Backpack with Adjustable Straps","₹2,396","₹2,995",
FUR JADEN,Backpack with USB Charging Port,₹700,"₹2,000",4
MOKOBARA,Men Everyday Backpack with Adjustable Straps,"₹6,499","₹10,999",4.9
NIKE,Men Logo Print Backpack with Pouch,"₹1,836","₹2,295",
Priority,Men Others Back Pack,₹471,"₹1,599",3.8
MOKOBARA,The Transit Unisex Laptop Backpack,"₹5,000","₹8,999",4.2
Hookaba,Eye Rover Unisex LED Biker Bag,"₹11,549","₹14,999",
Wildcraft,Men Geometric Print Backpack,₹899,,
MOKOBARA,The Kaleido Unisex Multipurpose Backpack,"₹3,999","₹6,999",4.3
Priority, Men Back Pack,₹387,"₹1,249",
NIKE,Men Logo Print Backpack,"₹2,621","₹3,495",4
Skybags,Men Typographic Print Laptop Backpack with Zip Closure,₹720,"₹2,000",3.8
NIKE,Men Brand Print Backpack with Adjustable Strap,"₹1,496","₹1,995",3.7
Skybags,Men KREW 03 Typographic Print Backpack,₹788,"₹2,100",4
Skybags,Men Typographic Print Rucksack Bag with Adjustable Strap,"₹1,054","₹3,400",3.9
Puma,15'' Derby IND Laptop Backpack,"₹1,099","₹1,999",3.9
Lunar's,Panelled Backpack with Adjustable Straps,₹849,"₹1,799",3.5
Skybags,Travel Backpack with Adjustable Straps,₹883,"₹2,598",3.8
ALDO,Men Backpack with Adjustable Straps,"₹11,999",,
ARISTOCRAT,Graphic Print Back Pack with Zip-Closure,₹628,"₹2,850",4.1
WALRUS,Men Everyday Padded Backpack,"₹1,094","₹3,125",
ALL SAINTS,Genuine Leather Carabiner Backpack,"₹30,999",,
OZUKO,9388 Backpack with Adjustable Straps,"₹5,840","₹14,600",1
NIKE,Older Kid Faux Fur Backpack,"₹1,817","₹2,795",4
MOKOBARA,The Unisex Multipurpose Briefcase,"₹6,000","₹9,499",3.7
Priority,Men Others Back Pack,₹359,"₹1,599",4
CONVERSE,Logo Print Back Pack with Adjustable Strap,"₹3,999",,
ARISTOCRAT,Graphic Print Back Pack with Zip-Closure,₹628,"₹2,850",4
NIKE,Academy Team Backpack,"₹2,156","₹2,695",3.8
Puma,Tyle IND Camo Print Laptop Backpack,₹917,"₹1,799",3.9
ARISTOCRAT,"17"" Laptop Backpack with Adjustable Straps",₹600,"₹2,180",4
Priority,Mens Laptop Bag  Pack,₹307,"₹1,199",3.7
NIKE,Men Logo Print Reversible Backpack,"₹2,796","₹3,495",
Skybags,Men Klan Brand Print Backpack,"₹1,470","₹2,100",4.1
Wildcraft,Unisex Hopper 22 Patterned Backpack,"₹1,699",,
Priority,Girls Everyday Back Pack,₹429,"₹1,799",
NIKE,Men Logo Print Backpack,"₹3,196","₹3,995",3.3
Puma,Printed Streak Backpack ,"₹1,058","₹2,299",4
TEAKWOOD LEATHERS,Textured Back Pack with Adjustable Strap,"₹5,010","₹16,699",3.4
Priority,Men Others Back Pack,₹307,"₹1,199",4.1
Priority,Men Others Back Pack,₹471,"₹1,599",4
NIKE,Men Logo Embroidered Backpack,"₹4,396","₹5,495",5
SUPERDRY,Code Essential Montana Backpack,"₹2,759","₹4,599",4.2
FUR JADEN,Backpack with Adjustable Shoulder Strap,"₹1,300","₹2,000",4
French Accent,Men Leather Backpack with Adjustable Strap ,"₹3,331","₹9,798",3
MOKOBARA,The Transit Unisex Multipurpose Briefcase,"₹4,799","₹8,999",4.7
Priority,College Back Pack,₹549,"₹2,499",
REDHORNS,Men Back Pack,"₹2,100","₹5,999",
MOKOBARA,The Transit Unisex Laptop Backpack,"₹5,000","₹8,999",4.2
Skybags,Men Backpack with Adjustable Straps ,₹900,"₹2,400",3.7
Columbia,Men Back Pack with Adjustable Shoulder Strap,"₹3,499",,
NIKE,Heritage Backpack,"₹1,871","₹2,495",3.7
PERFORMAX,Men Printed Backpack,₹749,₹999,4.1
Puma,Brand Print Everyday Backpack,₹817,"₹1,899",3.8
Priority,College Back Pack,₹599,"₹1,599",3.8
SUPERDRY,Printed Montana Backpack,"₹3,849","₹5,499",4.2
Wildcraft,Men Laptop Back Pack,"₹1,999",,
Skybags,Men Aura Mini Backpack with Adjustable Strap,₹945,"₹1,350",4.1
NIKE,Hike Backpack,"₹4,121","₹5,495",4.1
MOKOBARA,Men Padded Laptop Backpack ,"₹9,499","₹16,999",
Wildcraft,Men Geometric Print Backpack,₹899,,
MOKOBARA,Men Everyday Backpack with Adjustable Straps,"₹4,300","₹8,999",4.5
OZUKO,9386 Waterproof Hiking Backpack,"₹9,800","₹24,500",
F-GEAR,Camouflage Print Backpack with Adjustable Shoulder Straps,₹733,"₹1,980",3.5
Skybags,Men Typographic Print Laptop Backpack with Zip Closure,₹748,"₹2,200",3
Puma,Colourblock Everyday Backpack with Branding,₹720,"₹1,499",3.7
FUR JADEN, Backpack with Adjustable Shoulder Strap,"₹1,400","₹2,500",3.6
NIKE,Brasilia Kids Backpack,"₹1,721","₹2,295",3.9
MUJI,Less Tiring Water Repellent Large Capacity Backpack,"₹6,690",,4.8
Altheory by AZORTE,Men Rubberised Backpack,"₹2,299",,3.7
Puma,Men Graphic Back Pack,₹846,"₹1,799",4.2
BAD HABIT,Textured Backpack with Appliques,₹900,"₹2,999",1.3
ASOS DESIGN,Canvas Backpack with Faux Leather,"₹1,999","₹2,499",5
OZUKO,9587 Range Backpack with Zip Closure,"₹5,985","₹17,100",4
Skybags,Bagpack with Adjustable Shoulder Strap,"₹1,224","₹2,300",
Priority,Mens Laptop Bag  Pack,₹387,"₹1,249",4.9
Skybags,Men Offroader NX 05 Laptop Backpack,"₹1,155","₹2,800",3.9
HIDESIGN,One Compartment Everyday Backpack,"₹7,617","₹11,995",
OZUKO,9509 Carbon Fiber Backpack,"₹5,535","₹12,300",
Puma,Man Puma Back Pack ,"₹1,999",,
Swiss Military,Glaze Unisex Laptop Trolley Backpack,"₹4,346","₹6,790",
MOKOBARA,Men Back Pack,"₹7,999","₹13,999",
NIKE,Heritage Backpack,"₹1,871","₹2,495",4.5
MaheTri,Men Strappy Backpack with Padded Laptop Sleeve,"₹6,800","₹17,000",4
Skybags,Men Gear Brand Print Backpack,₹600,"₹1,500",3.7
Skybags,Men Arthur Striped Laptop Backpack,₹920,"₹2,300",2.8
Wildcraft,Unisex Brand Print Backpack with Adjustable Straps,"₹1,699",,
Skybags,Men Caption America Print Backpack,₹600,"₹2,198",3.2
Priority,Men Others Back Pack,₹307,"₹1,199",3.7
NETPLAY,Men Camouflage Print Backpack with Adjustable Strap,₹550,"₹1,099",
CARLTON,Men Bradford Laptop Backpack,"₹3,500",,3.4
Priority,Men Travel Backpack with Adjustable Straps ,₹649,"₹3,499",3.5
SUPERDRY,Printed Montana Backpack,"₹3,849","₹5,499",4.2
French Accent,Laptop Backpack with Zip Closure ,"₹2,931","₹6,978",
Priority,College Back Pack,₹471,"₹1,599",4
Puma,Men Colourblock Backpack with Adjustable Straps,"₹1,250","₹2,499",3.3
Puma,Plus II Backpack with Adjustable Straps,₹824,"₹1,499",
Dailyobjects,One Compartment Laptop Bag Pack,"₹1,699","₹2,499",4
MOKOBARA,Men Everyday Backpack with Adjustable Straps,"₹4,999","₹10,999",4.6
Priority,Typographic Print Backpack with Adjustable Strap ,₹549,"₹1,499",3.5
Skybags,Men Offroader 01 Biking Everyday Backpack,₹576,"₹1,800",3.3
FUR JADEN,Backpack with Adjustable Shoulder Strap,"₹3,000","₹6,000",4.5
ARMANI EXCHANGE,Men Essential Backpack,"₹13,199","₹21,999",3.8
Priority,College Back Pack,₹471,"₹1,599",
FUR JADEN,Backpack with Adjustable Shoulder Strap,"₹3,500","₹7,000",3.5
Swiss Military,Cocoon Unisex Laptop Backpack,"₹4,154","₹6,490",
Carriall,Laptop Backpack with Adjustable Straps,"₹1,499","₹1,999",3.1
ADIDAS,Clsc Bos 3S Bp Sports Bag,"₹1,819","₹2,799",5
AMERICAN TOURISTER,Bagpack with Adjustable Shoulder Strap,"₹3,280",,
Wildcraft,Unisex Backpack with Adjustable Straps,"₹2,799",,
Priority,Men Typographic Print Backpack,₹375,"₹1,399",
SUPERDRY,Unisex NYC Montana Brand Print Everyday Backpack,"₹3,849","₹5,499",3.9
NETPLAY,Men Backpack with Adjustable Strap,₹550,"₹1,099",
CONVERSE,Men Everyday Back Pack,"₹5,499",,
Puma,Camouflage Print Everyday Backpack,₹940,"₹1,999",3.8
Priority,Typographic Print Backpack with Adjustable Strap ,₹382,"₹1,299",4.4
REDHORNS,Men Laptop Back Pack,"₹2,500","₹4,999",
CONVERSE,Men Back Pack,"₹4,499",,
Priority,Men Travel Backpack with Adjustable Straps ,₹515,"₹2,599",
Skybags,Men Aura Mini Backpack with Adjustable Strap,₹945,"₹1,350",4.1
Priority,Men Back Pack,₹639,"₹1,999",4.5
Skybags,Men Trible Brand Print Backpack,₹652,"₹1,500",3.8
NETPLAY,Men Backpack with Zipper Pockets,"₹1,299",,
SUPERDRY,Printed Montana Backpack,"₹3,849","₹5,499",4.3
Swiss Military,Elite Unisex Laptop Backpack,"₹3,269","₹5,540",
Priority,Graphic Print Back Pack with Zip-Closure,₹334,"₹1,099",3.3
Wildcraft,Unisex Backpack with Multiple Compartments,"₹2,549","₹3,399",
Lunar's,V-Line 35L Backpack,₹799,"₹1,799",3.9
Puma,Brand Print Backpack,₹980,"₹2,799",
Wildcraft,Men Typographic Print Backpack with Adjustable Straps,"₹1,699",,
Puma,Logo Print Chintz Backpack,"₹1,175","₹2,499",
SUPERDRY,Men Printed Montana Backpack,"₹3,849","₹5,499",4.2
Wildcraft,Unisex Blaze 35 Printed Backpack,"₹1,274","₹1,699",
Priority,Mens Laptop Bag  Pack,₹307,"₹1,199",3.7
Wildcraft,Unisex Wiki Champ2 Disney Print Backpack Bag,₹959,"₹1,599",
Priority,Mens Laptop Bag  Pack,₹471,"₹1,599",
NIKE,Backpack with Branding,"₹1,696","₹1,995",4.7
Skybags,Men Mickey Mouse Print Backpack,₹550,"₹2,198",3.9
F-GEAR,"Men 17"" Laptop Backpack",₹832,"₹1,980",4.4
SUPERDRY,Code Montana Everyday Backpack,"₹4,799","₹7,999",4.8
Priority,Typographic Print Backpack with Adjustable Strap ,₹382,"₹1,299",
MaheTri,Men Strappy Backpack with Padded Laptop Sleeve,"₹5,000","₹10,000",
YOUSTA,Men Travel Sling Bag with Zip Closure,₹199,,4.2
YOUSTA,"Men 16"" Laptop Backpack",₹999,,
Priority,Typographic Print Backpack with Adjustable Strap ,₹289,"₹1,499",3
YOUSTA,Men Small Travel Bag with Zip Closure,₹99,,3.3
ADIDAS,Lin Clas Bp Day Sports Bag,"₹1,079","₹1,999",3
NIKE,Men Printed Backpack with Adjustable Strap,"₹2,307","₹3,295",4.2
MUJI,Less Tiring Water-Repellent Backpack,"₹3,490",,3.6
MUJI,Less Tiring Water Repellent Backpack,"₹3,690",,4.5
REDHORNS,Men Geometric Print Everyday Backpack,"₹1,880","₹3,999",
Skybags,Men Klan Typographic Print Backpack,"₹1,470","₹2,100",4.1
Swiss Military,Blizzard Unisex Laptop Backpack,"₹4,474","₹6,990",
Puma,Men Backpack with Adjustable Straps,"₹2,999",,
Priority, Man Regular Fit  Back Pack,₹429,"₹1,799",
Skybags,Men Grad Pro Striped Laptop Backpack,"₹1,960","₹2,800",4.2
Priority,Mens Laptop Bag  Pack,₹375,"₹1,399",4.8
Priority,Mens Laptop Bag  Pack,₹831,"₹2,399",
Wildcraft,Unisex Backpack with Adjustable Straps,"₹3,999",,
Wildcraft,Unisex Laptop Back Pack,"₹1,899",,
ADIDAS,Clsc Bos Bp Sports Backpack,"₹1,875","₹2,799",
Wildcraft,Unisex Rock & Ice 40 Rucksack,"₹3,399",,
Priority,Mens Laptop Bag  Pack,₹639,"₹1,999",4.5
Priority,Others Back Pack,₹333,₹975,
SPYKAR,Everyday Back Pack with Laptop Compartment,"₹1,500","₹2,999",3.4
Priority,Men Others Back Pack,₹429,"₹1,799",2.5
ARMANI EXCHANGE,Logo Backpack with Side Pockets,"₹9,500","₹18,999",
Wildcraft,Unisex Graphic Print Backpack with Adjustable Straps,"₹2,299",,
POLICE,Backpack with Adjustable Straps ,"₹1,924","₹3,499",3.2
Wildcraft,Men Trailblazer 60 Rucksack,"₹5,999",,
G STAR RAW,Backpack with Adjustable Straps,"₹2,700","₹8,999",4
Wildcraft,Men Travel Pro 50 Rucksack,"₹2,999",,
Priority,Men Backpack with Zip Closure & Adjustable Strap,₹501,"₹1,380",3
Priority,Men Others Back Pack,₹471,"₹1,599",3.8
MUJI,Less Tiring Water-Repellent Toploader Backpack,"₹5,490",,
Skybags,Men Klan Pro Graphic Print Backpack,"₹1,820","₹2,600",
Skybags,Men Typographic Print Rucksack Bag with Adjustable Strap,"₹1,054","₹3,400",3.8
Priority,Men Travel Backpack with Adjustable Straps ,₹515,"₹2,599",
Priority,Men Others Back Pack,₹391,"₹1,199",4.1
Priority,Men Others Back Pack,₹375,"₹1,399",3.4
Priority, Man Regular Fit Back Pack,₹831,"₹2,399",3.5
Priority,Typographic Print Backpack with Adjustable Strap ,₹382,"₹1,299",
French Accent,Men Leather Backpack with Adjustable Strap ,"₹2,393","₹6,298",3.3
Wildcraft,Men Backpack with Multiple Compartments,"₹2,722","₹3,629",
Priority,Men Back Pack,₹375,"₹1,399",
Wildcraft,Men Backpack with Multiple Compartments,"₹2,774","₹3,699",
Priority,College Back Pack,₹429,"₹1,799",4.3
BAD HABIT,Textured Backpack with Adjustable Shoulder Straps,"₹2,999",,
SPYKAR,Adjustable Straps Everyday Backpack,"₹2,500","₹4,999",4.5
Priority,Men Camouflage Print Rucksack with Adjustable Straps,₹611,"₹2,299",
Priority,Back Pack with Adjustable Shoulder Strap,₹499,"₹1,999",
Priority,Girls Everyday Back Pack,₹471,"₹1,599",3.8
Wildcraft,Men Back Pack with Adjustable Straps,"₹2,699",,
Wildcraft,Unisex Laptop Back Pack,"₹2,999",,
NIKE,"Men Brand Print 15"" Laptop Backpack","₹1,496","₹1,995",1
NIKE,Men Hayward Swsh Grid Backpack,"₹3,596","₹3,995",
Priority,Mens Laptop Bag  Pack,₹471,"₹1,599",
Lunar's,Heritage Geometric Print Backpack,₹799,"₹1,699",3.6
Skybags,Men Xylo Plus Laptop Backpack,"₹2,156","₹4,400",4.2
F-GEAR,Men Printed Backpack,₹694,"₹1,780",4
Wildcraft,Men Backpack with Multiple Compartments,"₹2,249","₹2,999",
Priority,Men Others Back Pack,₹429,"₹1,799",4.3
Priority,Mens Laptop Bag  Pack,₹391,"₹1,199",4.1
SUPERDRY,Printed Montana Backpack,"₹3,849","₹5,499",4.2
Priority,Men Others Back Pack,₹391,"₹1,199",3.7
Wildcraft,Men Backpack with Multiple Compartments,"₹1,874","₹2,499",
OZUKO,9479 Range Backpack with Zip Closure,"₹3,955","₹11,300",
Skybags,Men Klan Plus Typographic Print Backpack,"₹1,680","₹2,400",2.7
Puma,Unisex Formstripe Backpack with Logo Print,"₹1,400","₹2,799",4.2
Awestuffs,Men Multifunction Laptop Backpack,₹645,"₹1,500",1.3
Priority,Men Back Pack,₹471,"₹1,599",4
Skybags,Men Klan Pro Graphic Print Backpack,"₹1,820","₹2,600",
Priority,Men Others Back Pack,₹375,"₹1,399",
Puma,Unisex Minimalist Brand Print Everyday Backpack,"₹1,125","₹2,799",
Priority,Others Back Pack,₹333,₹975,
Priority,Men Laptop Back Pack,₹387,"₹1,249",
Reebok,Solid Backpacks Bags,"₹1,874","₹2,499",
BAD HABIT,Textured Backpack with Adjustable Straps,"₹1,225","₹3,499",2.6
Skybags,Men Tango Geometric Print Backpack,₹750,"₹1,800",2.8
MUJI,Less Tiring Water-Repellent Backpack,"₹3,490",,3.6
Priority,"Unisex 17"" Laptop Backpack with Typographic Applique",₹419,"₹1,999",4
Puma,Man Puma Back Pack,"₹1,410","₹2,999",3.9
Priority,Men Others Back Pack,₹471,"₹1,599",4.5
F-GEAR,Unisex Typographic Print Backpack with Adjustable Straps,₹600,"₹1,580",
Skybags,Men Klan Brand Print Backpack,"₹1,470","₹2,100",4.1
Priority, Man Regular Fit  Back Pack,₹429,"₹1,799",
FUR JADEN,Backpack with Adjustable Shoulder Strap,"₹1,100","₹2,500",3.9
Stony Brook by Nasher Miles,Striped Travel Back Pack with Padded Straps,"₹1,040","₹2,599",
Wildcraft,Unisex Backpack with Logo Embroidery,"₹2,499",,
Pazzo,Travel Bag with Adjustable Strap,"₹1,200","₹2,499",3.3
Lunar's,Panelled Backpack with Adjustable Straps,₹849,"₹1,799",3.8
PERFORMAX,Men Logo Print Backpack,₹749,₹999,4
Skybags,Men Klan Typographic Print Backpack,"₹1,470","₹2,100",4.1
NIKE,Older Kid Faux Fur Backpack,"₹1,677","₹2,795",4.5
Lunar's,V-Line 35L Backpack,₹799,"₹1,799",3.7
Lunar's,Colourblock Laptop Travel Bag,₹850,"₹1,999",4
Wildcraft,Unisex Brand Print Backpack with Adjustable Straps,"₹1,699",,2.7
Wildcraft,Unisex Backpack with Adjustable Straps,"₹2,099",,
Wildcraft,Men Laptop Back Pack,"₹2,999",,
Wildcraft,Unisex Backpack with Multiple Compartments,"₹1,874","₹2,499",
Skybags,Men Colourblock BFF2 Backapack,"₹1,900",,2.7
Priority,College Back Pack,₹359,"₹1,599",
Skybags,Men Chester Plus Laptop Backpack,"₹1,900","₹4,000",4.3
Wildcraft,Unisex Laptop Back Pack,"₹1,499",,
ADIDAS,Clsc Bos Bp Sports Backpack,"₹1,819","₹2,799",3.7
Wildcraft,Unisex Back Pack,"₹2,799",,
Priority,Mens Laptop Bag  Pack,₹471,"₹1,599",
Puma,Printed Streak Backpack ,"₹1,035","₹2,299",4.1
F-GEAR,Men Quilted Backpack with Laptop Compartment,"₹1,452","₹2,740",4.2
Priority,"Unisex 17"" Laptop Backpack with Typographic Applique",₹559,"₹1,999",4.3
YOUSTA,Men Travel Sling Bag with Zip Closure,₹199,,4
SPYKAR,Men Colourblock Laptop Bag,"₹1,500","₹2,999",
Puma,"15"" Laptop Backpack with Signature Branding ",₹662,"₹1,299",3.2
Wildcraft,Unisex Streak 22 Patterned Backpack,"₹1,699",,
Skybags,Men Printed Backpack with Zip Closure ,₹525,"₹1,050",4.2
VENEER,Men Back Pack with Adjustable Strap,"₹1,188","₹4,399",3
Skybags,Men Logo Print Backpack,"₹1,447","₹4,000",4
F-GEAR,Men Printed Backpack,₹887,"₹2,398",4.6
SPYKAR,Men Regular Fit Back Pack,₹950,"₹1,899",
Wildcraft,Unisex Backpack with Adjustable Straps,"₹2,299",,
Puma,Minimalist Backpack,₹952,"₹2,799",4.6
Skybags,Men Colourblock Backpack with Zip Closure,"₹1,224","₹2,300",
Wildcraft,Men Geometric Print Water-Repellent Backpack,"₹1,799",,
PERFORMAX,Men Manchester City Print Everyday Backpack,"₹1,019","₹1,699",4
Priority,Men Everyday Use Back Pack,₹429,"₹1,799",4.3
Puma,Brand Print Backpack,₹900,"₹1,799",3.5
Puma,Brand Print Backpack,"₹1,374","₹2,499",
Skybags,Men Trible Brand Print Backpack,₹652,"₹1,500",3.8
Puma,Brand Print Backpack,"₹1,999",,4.6
PERFORMAX,Men Printed Backpack,₹779,"₹1,299",3.6
Priority,Typographic Print Backpack with Adjustable Strap ,₹382,"₹1,299",
Priority,Typographic Print Backpack with Adjustable Strap ,₹408,"₹1,299",
Priority,Men Others Back Pack,₹375,"₹1,399",3.4
Priority,Men Laptop Travel Backpack,₹387,"₹1,249",4.9
Skybags,Men Grad Plus Brand Print Laptop Backpack,"₹1,131","₹2,600",4.5
Puma,Man Puma Back Pack,"₹1,410","₹2,999",4.1
Puma,Brand Print Backpack,"₹1,119","₹1,999",
Wildcraft,Men Laptop Back Pack,"₹1,699",,
Priority,Men Others Back Pack,₹375,"₹1,399",3.4
Puma,Men Brand Print Everyday Backpack,"₹1,400","₹2,799",3.7
Puma,Brand Print Backpack,"₹1,427","₹2,799",
Skybags,Men Valor 02 Laptop Backpack,"₹1,260","₹3,600",
ADIDAS,Clsc Bos Bp Sports Bag,"₹1,679","₹2,799",
Wildcraft,Unisex Backpack with Adjustable Straps,"₹2,299",,
F-GEAR,Unisex Camouflage Print Backpack with Adjustable Straps,₹623,"₹1,640",2.7
Priority,Others Back Pack,₹324,₹975,
Priority,Back Pack with Adjustable Shoulder Strap,₹429,"₹1,799",
Skybags,Men Typographic Print Rucksack Bag with Adjustable Strap,₹999,"₹3,300",3.8
SPYKAR, Men Regular Fit Back Pack,"₹1,050","₹2,099",
Priority,Mens Laptop Bag  Pack,₹375,"₹1,399",4.8
F-GEAR,Men Logo Print Waist Pouches,₹759,"₹1,380",3
Priority,Mens Laptop Bag  Pack,₹831,"₹2,399",
Priority,College Back Pack,₹471,"₹1,599",
Puma,Phase Backback II,₹900,"₹1,799",
NIKE,Heritage Eugene Backpack,"₹2,186","₹2,995",2.6
Wildcraft,Unisex Backpack with Adjustable Straps,₹419,₹699,2.9
Priority,Typographic Print Back Pack with Zip-Closure,₹334,"₹1,099",3.3
NETPLAY,"Men 14"" Laptop Backpack with Adjustable Strap",₹900,"₹1,799",3.1
Priority,Men Backpack with Adjustable Straps,₹824,"₹3,499",4.8
Priority,Men Graphic Print Backpack with Adjustable Straps,₹375,"₹1,399",
Priority,Men Others Back Pack,₹429,"₹1,799",4.3
FUR JADEN,Laptop Backpack with Adjustable Strap,₹700,"₹2,000",4
ONEGO,Typographic Print Everyday Backpack,₹330,"₹1,499",3.5
NIKE,Hike Backpack,"₹3,221","₹4,295",4
Leather World,Back Pack with Zip-Closure ,₹900,"₹2,499",3.5
Priority,Men Others Back Pack,₹471,"₹1,599",3.6
ARISTOCRAT,Logo Print Back Pack with Zip-Closure,₹660,"₹2,640",3.8
YOUSTA,Men Everyday Backpack with Double Pockets,₹799,,4.2
Priority,Men Others Back Pack,₹471,"₹1,599",3
Priority,Solid Back Pack,₹429,"₹1,799",4.3
Priority,Back Pack with Adjustable Shoulder Strap,₹333,₹975,
Priority,Men Others Back Pack,₹471,"₹1,599",3.8
Priority,College Back Pack,₹549,"₹2,499",
Priority,Men Others Back Pack,₹307,"₹1,199",3.6
Puma,Backpack with Adjustable Strap,"₹1,125","₹2,499",3
Priority,Typographic Print Backpack with Adjustable Strap ,₹412,"₹1,315",3
Leather World,Typographic Print Hiking Back Pack,₹750,"₹2,499",3.6
NETPLAY,"Men 14"" Laptop Backpack with Adjustable Strap",₹900,"₹1,799",3.1
Pazzo,Floral Print Back Pack,₹860,"₹1,999",
Priority,Men Typographic Print Backpack with Adjustable Straps,₹526,"₹1,395",3.8
Puma,Men Brand Print Everyday Backpack,₹989,"₹2,299",2.8
YOUSTA,"Men 16"" Laptop Backpack",₹899,,
ONEGO,Colourblock Laptop Backpack,₹480,"₹1,499",3.6
Lunar's,Men Snowflakes Print Travel Back Pack,₹599,"₹1,339",
ARISTOCRAT,Striped Backpack with Adjustable Straps,₹963,"₹3,500",4.3
Priority,Men Camouflage Print Backpack with Adjustable Straps,₹498,"₹1,395",
Skybags,Men Gear Brand Print Backpack,₹600,"₹1,500",3.7
Priority,Laptop Back Pack,₹387,"₹1,249",4.7
Puma,Men Logo Print Backpack,₹989,"₹1,799",
MOVE-MEANT,Men Typographic Print Backpack with Zip Closure,₹630,"₹1,499",3.5
Priority,Typographic Print Backpack with Adjustable Strap ,₹333,₹975,4
F-GEAR,Water-Resistant Ergonomic Everyday Backpack,"₹1,089","₹1,980",4.3
Priority,Back Pack with Adjustable Shoulder Strap,₹375,"₹1,399",
Skybags,Men Archies Typographic Print Backpack,₹880,"₹2,200",3.1
Lunar's,Travel Bag with Adjustable Strap,₹599,"₹1,799",4.1
Priority,Mens Laptop Bag  Pack,₹387,"₹1,249",4.7
Wildcraft,Unisex Brand Print Backpack with Adjustable Strap,"₹2,299",,
Wildcraft,Unisex Back Pack,"₹2,299",,
Priority,Typographic Print Backpack with Adjustable Strap ,₹412,"₹1,315",3
Jack & Jones,"Men 15"" Colourblock Laptop Backpack with Adjustable Shoulder Straps","₹2,399","₹2,999",3.6
Priority,Typographic Print Backpack with Adjustable Strap ,₹402,₹975,4.3
ONEGO,Solid Back Pack,₹345,"₹1,499",3.3
Priority,Men Laptop Backpack with Multiple Pockets,₹419,"₹1,999",4
F-GEAR,Men Printed Backpack with Adjustable Strap,₹465,"₹1,258",
F-GEAR,Brand Print Everyday Backpack,₹539,"₹1,998",4
ONEGO,Colourblock Backpack,₹330,"₹1,499",3.4
Priority,Men Typographic Print Backpack with Adjustable Straps,₹503,"₹1,365",
Puma,Plus Gym Bag,₹476,₹899,
GEAR,Everyday Backpack with Contrast Detail,₹900,"₹1,999",3.5
Wiki,Unisex Pardus Animal Print Backpack with Pouch,"₹2,327","₹2,449",
Puma,Brand Print 25 Ltr Everyday Backpack,₹650,"₹1,299",3.5
Puma,"Men 16"" Logo Print Laptop Backpack","₹1,000","₹1,999",3.6
Priority,Typographic Print Backpack with Adjustable Strap ,₹333,₹975,4
Puma,"15"" Logo Print Backpack",₹841,"₹1,999",5
Priority,Typographic Print Backpack with Adjustable Strap ,₹408,"₹1,299",2.5
Priority,Men Typographic Print Backpack,₹307,"₹1,199",4.1
Priority,Men Travel Backpack with Adjustable Straps ,₹515,"₹2,599",
Wildcraft,Unisex Checked Backpack with Adjustable Straps,₹419,₹699,
YOUSTA,Men Fold-Over Backpack,₹799,,3.3
Priority,Typographic Print Backpack with Adjustable Strap ,₹411,₹975,3.9
F-GEAR,Unisex Printed Backpack with Adjustable Straps,₹537,"₹1,580",
Priority,Men Others Back Pack,₹391,"₹1,199",
Jack & Jones,Men Logo Back Pack,"₹1,749","₹2,499",
Hookaba,Glowbuddy Kids LED Backpack,"₹4,967","₹7,199",
Jack & Jones,Men Everyday Back Pack,"₹3,499",,
Leather World,Textured Back Pack Adjustable Strap,"₹1,000","₹3,999",3.5
Swiss Military,Unisex Casual Laptop Backpack,"₹3,349","₹5,490",
Lunar's,Men  Back Pack,₹900,"₹1,999",
LACOSTE,Men Back Pack,"₹10,850",,
Skybags,Men Canavs Colourblock Laptop Backpack,"₹2,170","₹3,100",3.9
Lunar's,V-Line 35L Backpack,₹799,"₹1,799",3.6
VENEER,Men Backpack with Adjustable Shoulder Strap,"₹2,160","₹7,999",3
OZUKO,9409 Travel Backpack with Adjustable Straps,"₹6,840","₹17,100",
Nakuru,Unisex Horizon Travel Gear Hard & Soft Body Medium Backpack,"₹5,775","₹16,500",
Wildcraft,Unisex Backpack with Adjustable Straps,"₹2,299",,
Priority,Girls Everyday Back Pack,₹639,"₹1,999",4.6
Jack & Jones,Men Quilted Backpack,"₹3,599","₹3,999",
Jack & Jones,Colourblock Backpack with Adjustable Straps,"₹2,399","₹2,999",4.7
NIKE,Men Heritage Backpack with Adjustable Straps,"₹2,246","₹2,495",
Jack & Jones,Colour-Block Back Pack with Adjustable Straps,"₹1,500","₹2,999",
ARMANI EXCHANGE,Men Okinawa Everyday Backpack with Logo Accent,"₹16,799","₹20,999",
Priority,Mens Laptop Bag  Pack,₹639,"₹1,999",4.5
Skybags,Laptop Backpack with Adjustable Straps,"₹1,326","₹3,900",3.3
French Accent,"14"" Laptop Backpack with Snap-Button Closure","₹2,947","₹8,419",
Skybags,Men Grad Pro Brand Print Laptop Backpack,"₹1,960","₹2,800",4.2
Skybags,Men Grad Brand Print Laptop Backpack,"₹1,044","₹2,400",5
Skybags,Men Offroader PRO Laptop Backpack,"₹1,232","₹3,200",
Skybags,Men Grad Brand Print Laptop Backpack,"₹1,044","₹2,400",5
Skybags,Men Offroader PRO Laptop Backpack,"₹1,232","₹3,200",
CARLTON,Men Bradford Laptop Backpack,"₹4,000",,
Priority,Typographic Print Backpack with Adjustable Strap ,₹382,"₹1,299",
Reebok,Men Laptop Backpack,"₹1,150","₹2,299",2.7
ONEGO,Typographic Print Everyday Backpack,₹330,"₹1,499",3.2
F-GEAR,Men Printed Backpack,₹368,₹995,2
Dailyobjects, Textured Laptop Back Pack,"₹1,699","₹2,499",3.4
Priority,Men Backpack with Zip Closure & Adjustable Strap,₹526,"₹1,395",3.8
Wildcraft,WoUnisex Backpack with Adjustable Straps,"₹2,002","₹2,669",
MAX,Bagpack with Adjustable Shoulder Strap,"₹1,299",,
Jack & Jones,Men Everyday Back Pack,"₹3,499",,
French Accent,Men Backpack with Side-Pockets,"₹2,959","₹7,398",
MOKOBARA,Men Laptop Backpack with Adjustable Straps ,"₹5,000","₹8,999",4.3
Lunar's,Bingo Laptop Bag,₹900,"₹1,999",3.9
Puma,Geometric Print Rucksack Backpack with Adjustable Strap,"₹1,350","₹2,999",3.3
Stony Brook by Nasher Miles,Striped Laptop Backpack with Adjustable Strap,"₹1,400","₹3,999",
Priority,Men Laptop Backpack with Adjustable Straps,₹663,"₹2,399",2.4
Skybags,Men Protech Laptop Backpack with Adjustable Strap,"₹2,800","₹4,000",3.5
Skybags,Men Ridge Brand Print Rucksack,"₹3,080","₹4,400",3
VENEER,Men Back Pack with Adjustable Strap,"₹2,160","₹7,999",3.7
Priority,Others Back Pack,₹375,"₹1,399",
Lunar's,Neo Laptop Travel Bag,"₹1,199","₹2,999",3.9
Skybags,Men Ridge Rucksack with Buckle Closure,"₹2,730","₹3,900",3
F-GEAR,"17"" Men Quilted Laptop Backpack",₹910,"₹1,980",3.3
Puma,Brand Print Backpack,"₹1,344","₹2,799",
Wildcraft,Unisex Laptop Back Pack,"₹5,999",,
Wildcraft,Unisex Backpack with Adjustable Straps,"₹1,799",,
Wildcraft,Unisex Rucksack Back Pack,"₹3,999",,
Puma,Super Backpack,"₹2,799",,
SPYKAR,Men Laptop Backpack with Zip Closure ,"₹1,750","₹3,499",
Priority,Men Others Back Packk,₹599,"₹1,599",3.8
VENEER,Men Backpack with Zip Closure & Adjustable Strap,"₹1,080","₹3,999",4.6
Wildcraft,Unisex Laptop Back Pack,"₹2,499",,
Priority,College Back Pack,₹549,"₹2,499",5
Skybags,Men KREW 01 Brand Print Laptop Backpack,₹788,"₹2,100",3.1
Skybags,Men Chester Laptop Backpack,"₹1,000","₹2,500",2.8
Lunar's,Panelled Backpack with Adjustable Straps,₹849,"₹1,799",3.6
Skybags,Men Xelius Backpack with Adjustable Strap,"₹2,625","₹3,750",3.5
Priority,Men Graphic Print Laptop Backpack with Adjustable Straps,₹499,"₹1,999",
Skybags,Men New Neon Typographic Print Backpack,"₹1,318","₹2,398",
Puma,Brand Print Backpack,"₹1,119","₹1,999",
Lunar's,Neo Laptop Travel Bag,"₹1,199","₹2,999",3.3
Skybags,Men Klan Pro Geometric Print Backpack,"₹1,820","₹2,600",
Puma,Classics Archive Tote Backpack,"₹1,649","₹2,999",4.8
Priority,Men Laptop Back Pack,₹471,"₹1,599",3
Wildcraft,Unisex Typographic Print Everyday Backpack with Adjustable Straps,"₹1,702","₹2,269",
ZIPLINE,Solid Laptop Backpack,"₹1,000","₹1,999",3.8
Skybags,Men New Neon Printed Backpack,₹959,"₹2,398",
SPYKAR,Men Colourblock Laptop Backpack with Zip Closure ,"₹1,200","₹2,399",3.7
Pazzo,Travel Bag with Adjustable Strap,₹499,₹799,3.8
F-GEAR,"17"" Textured Laptop Backpack",₹834,"₹2,980",2.8
Puma,Unisex V2 Rolltop Backpack,"₹1,650","₹3,299",4
Skybags,Men Klan Geometric Print Backpack,"₹1,344","₹2,100",4.1
Priority,Men Printed Backpack with Adjustable Strap ,₹412,"₹1,315",4.3
Wildcraft,Men Laptop Back Pack,"₹1,699",,
Puma,Men Brand Print Everyday Backpack,₹546,"₹1,299",2.9
F-GEAR,Textured Backpack with Rain Cover,₹732,"₹1,980",3.4
YOUSTA,"Men 16"" Laptop Backpack",₹899,,
Puma,Printed Backpack,₹900,"₹1,999",
BAD HABIT,Men Stylish  Back Pack,₹520,"₹2,599",
F-GEAR,Unisex Typographic Print Backpack with Adjustable Straps,₹679,"₹1,580",
Priority,Men Typographic Print Backpack with Adjustable Straps,₹528,"₹1,380",3
Priority,Typographic Print Backpack with Adjustable Strap ,₹411,₹975,4.3
Puma,Men Teamgoal Colourblock Backpack,"₹1,400","₹2,799",4.8
Puma,Printed Backpack with Adjustable Shoulder Strap,"₹1,400","₹2,799",4.7
Skybags,Men Strider Pro Laptop Backpack,"₹1,150","₹3,500",4
Priority,Typographic Print Backpack with Adjustable Strap ,₹408,"₹1,299",4.4
Skybags,Men Logo Print Backpack,"₹1,122","₹3,300",3.3
YOUSTA,"Men 15"" Camouflage Print Laptop Backpack",₹799,,4.6
F-GEAR,15'' Laptop Backpack with Adjustable Straps,₹809,"₹2,380",4.1
TOMMY HILFIGER,Men Colourblock Laptop Backpack,"₹2,699","₹4,499",4.8
SUPERDRY,Code MTN Tarp Laptop Backpack,"₹6,999",,4.3
Priority,Men Others Back Pack,₹599,"₹1,599",
Adidas Kids,Logo Print Backpack with Adjustable Strap,"₹2,499",,3.9
SUPERDRY,Unisex Vintage Graphic Montana Backpack,"₹2,999","₹4,999",4.2
SUPERDRY,Vintage Rolltop Colourblock Backpack,"₹4,199","₹6,999",4
SUPERDRY,Vintage Classic Montana Rucksack Everyday Backpack,"₹4,599",,4.3
SUPERDRY,Heritage Montana Backpack,"₹3,849","₹5,499",4.1
SUPERDRY,Nylon Tarp Backpack,"₹3,599","₹5,999",3.9
Puma,Colourblock Everyday Backpack,₹900,"₹1,799",4
PERFORMAX,Men Brand Print Backpack,₹299,₹499,2.9
SUPERDRY,"11"" Windyachter Montana Backpack","₹3,849","₹5,499",4.4
SUPERDRY,Vintage Toploader Backpack,"₹5,499",,4.4
SUPERDRY,Code Essential Everyday Backpack,"₹2,759","₹4,599",4.2
SUPERDRY,Unisex Vintage Graphic Montana Backpack,"₹2,999","₹4,999",4.2
Skybags,Men Gear Brand Print Laptop Backpack,"₹2,310","₹3,300",1.8
SAFARI,Ozone 27 Litre Cabin Casual Backpack,₹867,"₹3,469",3.7
MUJI,Less Tiring Backpack,"₹3,490",,3
Jack & Jones,Backpack with Adjustable Shoulder Strap,"₹2,399","₹2,999",4.1
SAFARI,Ozone 27 Litre Cabin Casual Backpack,₹867,"₹3,469",3.7
MUJI,Less Tiring Backpack,"₹3,490",,3
Jack & Jones,Backpack with Adjustable Shoulder Strap,"₹2,399","₹2,999",4.1
OZUKO,9388 Backpack with Adjustable Straps,"₹6,570","₹14,600",
ARMANI EXCHANGE,Men Elba Backpack with Adjustable Straps,"₹16,799","₹20,999",5
GEAR,Placement Print Backpack with Side Pocket,₹440,"₹1,999",4.2
ARMANI EXCHANGE,Brad Nero Backpack,"₹20,999",,5
Puma,Logo Print Backpack with Adjustable Straps,"₹1,499",,
F-GEAR,"17"" Panelled Laptop Backpack",₹980,"₹3,380",4.1
ARMANI EXCHANGE,Jean Nero Backpack,"₹20,999",,
F-GEAR,"Men 16"" Laptop Backpack with Metal Accent Logo","₹1,203","₹2,798",4.5
Awestuffs,Backpack with Laptop Compartment,₹840,"₹2,000",3.8
SUPERDRY,Men Paisley Print Montana Backpack,"₹3,849","₹5,499",4.2
Priority,Men Others Back Pack,₹663,"₹2,399",3.5
PERFORMAX,Men Camouflage Print Everyday Backpack,₹749,₹999,4.3
ARMANI EXCHANGE,Men Logo Print Everyday Backpack,"₹20,999",,
Puma,Backpack with Adjustable Shoulder Strap,"₹4,999",,
Priority,Men Camouflage Back Pack,₹549,"₹2,499",5
Priority,Back Pack with Adjustable Shoulder Strap,₹375,"₹1,399",
ONEGO,Laptop Backpack with Adjustable Strap,₹680,"₹1,699",4
Skybags,Men Gear Brand Print Laptop Backpack,"₹2,310","₹3,300",1.8
Priority,College Back Pack,₹831,"₹2,399",3.5
F-GEAR,Men Logo Print Backpack,₹694,"₹2,240",4.8
F-GEAR,"Men 17"" Logo Patch Water-Resistant Backpack",₹752,"₹1,980",4
Priority,Men Graphic Print Backpack with Adjustable Straps,₹639,"₹1,999",2
Jack & Jones,Men Colourblock Back Pack with Adjustable Strap,"₹2,549","₹2,999",4.5
Priority,Men Printed Everyday Backpack ,₹491,"₹1,299",3.5
Pazzo,Winter 38L Colourblock Backpack,₹849,"₹1,499",3.5
Jack & Jones,"Men 15"" Typographic Print Laptop Backpack with Bottle Holder","₹1,750","₹3,499",
Art N Vintage,Men Graphic Print Genuine Leather Backpack,"₹11,249","₹12,499",
Puma,Backpack with Patch Logo,"₹1,452","₹3,299",
MOKOBARA,The Bliss Multipurpose Laptop Backpack for Women,"₹6,500","₹11,999",4.3
Skybags,Men Grad Pro Brand Print Laptop Backpack,"₹1,960","₹2,800",4.2
SUPERDRY,Unisex Montana Camouflage Print Everyday Backpack,"₹3,849","₹5,499",4.2
Skybags,Men Tango Geometric Print Backpack,₹750,"₹1,800",2.8
Skybags,Men Grad Brand Print Laptop Backpack,"₹1,044","₹2,400",5
Skybags,Men Grad Brand Print Laptop Backpack,"₹2,030","₹2,900",5
Swiss Military,UFO Unisex Hard Shell Laptop Backpack,"₹2,921","₹6,490",
Priority,Mens Laptop Bag  Pack,₹639,"₹1,999",2
Priority,Men Graphic Print Backpack,₹499,"₹1,999",
Wildcraft,Unisex Backpack with Multiple Compartments,"₹2,249","₹2,999",
Skybags,Men Tango Geometric Print Backpack,₹750,"₹1,800",2.8
YOUSTA,Men Backpack,₹799,,4.4
Lunar's,35 L Backpack bag with Adjustable Strap,₹850,"₹1,999",3.5
SAFARI,Code 26.5 Litre Large Casual Backpack,₹712,"₹2,848",3.8
DC Shoes,Nickel M BKPK GNR0 Bagpack,"₹2,495",,3.1
Puma,"15"" Logo Embossed Laptop Backpack","₹2,799",,
SUPERDRY,"11"" Classic Montana Backpack","₹5,999",,4
MUJI,Less Tiring Backpack,"₹3,490",,
NEW BALANCE,Brand Print Backpack with Adjustable Straps,"₹4,999",,
REDHORNS,Men Geometric Print Everyday Backpack,"₹1,880","₹3,999",
Priority, Man Regular Fit Back Pack,₹831,"₹2,399",3.5
Priority,Men Camouflage Back Pack,₹549,"₹2,499",5
NETPLAY,Men Backpack with Logo Applique,"₹1,499",,
UNITED COLORS OF BENETTON,Men Printed Backpack with Adjustable Strap,"₹2,399",,3.3
Deuter,"Unisex Set of 2 Logo Print Rucksack & 13"" Laptop Backpack","₹18,999",,
LACOSTE,Abstract Back Pack,"₹9,300",,
NETPLAY,Men Backpack with Logo Applique,"₹1,499",,
Jack & Jones,Colour-block Back Pack,"₹2,799","₹3,499",4
F-GEAR,Men Printed Backpack with Adjustable Straps,₹785,"₹2,380",4.1
Priority,Men Travel Backpack with Adjustable Straps,₹824,"₹3,499",4.8
Skybags,Men Xelius Plus Brand Print Backpack,"₹1,200","₹3,000",3
Skybags,Men Trible Brand Print Backpack,"₹1,050","₹1,500",3.8
Skybags,Men Klan Typographic Print Backpack,"₹1,344","₹2,100",4.1
NEW BALANCE,Backpack with Adjustable Straps,"₹4,999",,
Skybags,Men Klan Plus Graphic Print Backpack,"₹1,680","₹2,400",2.7
Skybags,Men Grad Pro Brand Print Laptop Backpack,"₹1,960","₹2,800",4.2
Skybags,Men Trible Plus Brand Print Backpack,"₹1,260","₹1,800",3.2
ARMANI EXCHANGE,Backpack with Zip Closure,"₹13,599","₹16,999",4.4
Skybags,Men Grad Brand Print Laptop Backpack,"₹1,680","₹2,400",5
Skybags,Men Grad Pro Brand Print Laptop Backpack,"₹1,960","₹2,800",4.2
Skybags,Men Grad Brand Print Laptop Backpack,"₹1,680","₹2,400",5
Priority,Typographic Print Backpack with Adjustable Strap ,₹552,"₹1,299",
Priority,Mens Laptop Bag  Pack,₹639,"₹1,999",2
Priority,Back Pack with Adjustable Shoulder Strap,₹375,"₹1,399",4.8
Priority,Mens Laptop Bag  Pack,₹499,"₹1,999",
NETPLAY,Men Backpack with Adjustable Strap,₹700,"₹1,399",
REDHORNS,Men Back Pack,"₹3,500","₹9,999",
French Accent,Men Backpack with Zip-Closure,"₹2,960","₹7,219",1
Swiss Military,Blizzard Unisex Laptop Backpack,"₹4,474","₹6,990",
Deuter,Men Travel Back Pack with Zip-Closure,"₹8,499",,
Swiss Military,Recto Unisex Laptop Backpack,"₹1,075","₹1,990",
Priority,Girls Everyday Back Pack,₹999,"₹2,399",
Da Milano,Typographic Print Backpack with Adjustable Strap ,"₹12,999",,
NETPLAY,Men Backpack with Zipper Pockets,"₹1,299",,
Jack & Jones,"Men 15"" Typographic Print Laptop Backpack with Bottle Holder","₹1,750","₹3,499",
F-GEAR,Unisex Printed Backpack with Adjustable Straps,₹679,"₹1,580",4.3
Skybags,Men Klan Plus Floral Print Backpack,"₹1,680","₹2,400",3
Skybags,Men Archies Typographic Print School Backpack,"₹1,260","₹2,100",
Skybags,Men Klan Plus Brand Print Backpack,"₹1,680","₹2,400",3
Priority,Men Others Back Pack,₹375,"₹1,399",4.8
Priority,Men Laptop Travel Backpack,₹831,"₹2,399",
Priority,Mens Laptop Bag  Pack,₹429,"₹1,799",2.5
Priority,Men Backpack with Adjustable Shoulder Strap,₹526,"₹1,395",3.8
NETPLAY,Men Brand Print Backpack,₹500,₹999,4
MOKOBARA,Colourblock Backpack with Adjustable Straps,"₹8,500","₹12,999",
Wildcraft,Unisex Geometric Print Backpack with Adjustable Straps,"₹1,799","₹2,399",
Wildcraft,Unisex Everyday Backpack with Adjustable Straps,"₹2,902","₹3,869",
Puma,"16"" Plus Backpack",₹740,"₹1,999",2.5
Puma,Men Printed Backpack with Adjustable Straps,"₹1,260","₹2,799",5
Puma,"16"" Colourblock Backpack with Signature Branding",₹779,"₹1,299",3.4
F-GEAR,Camouflage Print Everyday Backpack with Adjustable Shoulder Straps,₹601,"₹1,398",
Wildcraft,Men Backpack with Multiple Compartments,"₹1,784","₹2,379",
Wildcraft,Men Laptop Back Pack,"₹2,499",,
Wildcraft,Men Backpack with Multiple Compartments,"₹2,347","₹3,129",
Wildcraft,Men Laptop Back Pack,"₹2,099",,
Wildcraft,Men Laptop Back Pack,"₹2,599",,
Wildcraft,Unisex Laptop Back Pack,"₹2,599",,
Wildcraft,Men Laptop Back Pack,"₹2,299",,
YOUSTA,"Men 16"" Laptop Backpack",₹999,,
OZUKO,APEX Range One Size Backpack,"₹11,220","₹20,400",
MOKOBARA,Men Everyday Backpack with Adjustable Straps,"₹4,999","₹10,999",4.6
Wildcraft,Unisex Backpack with Multiple Compartments,"₹1,177","₹1,569",
Urban Tribe,Havana Laptop Backpack,"₹1,039","₹1,999",3.3
Skybags,Men Typographic Print Backpack with Zip Closure,₹525,"₹1,050",
ARMANI EXCHANGE,Logo Print Backpack with Zip Closure,"₹7,199","₹11,999",3.9
Puma,Men Brand Print Drawstring Bag,₹304,₹799,4.5
Priority,Padded Laptop Backpack,₹559,"₹1,999",4.3
Priority,"Unisex 17"" Laptop Backpack with Typographic Applique",₹559,"₹1,999",4.3
FOSSIL,Buckner Backpack with Adjustable Straps,"₹17,995",,
FUR JADEN,Back Pack with Adjustable Strap ,₹700,"₹2,000",3.8
VENEER,Men Back Pack with Adjustable Strap,"₹1,053","₹3,899",3.3
FUR JADEN,Padded Laptop Backpack ,"₹1,400","₹2,500",4
Wildcraft,Men Brand Print Backpack with Adjustable Straps,"₹1,699",,2.7
Puma,Logo Print Backpack,₹864,"₹1,799",3.3
Puma,"Men 17"" Logo Print Backpack","₹2,099",,4
ADIDAS,Clsc Bos Bp Sports Bag,"₹1,875","₹2,799",
ADIDAS,Linear X-Body Sports Bag,"₹1,299","₹1,999",
Puma,Classic Archive Backpack,"₹1,649","₹2,999",2.5
Skybags,Men Valor 01 Laptop Backpack,"₹3,600",,
OZUKO,9223 Brand Print Crossbody Bag,"₹3,360","₹8,400",5
ADIDAS,4Cmte Training Sling Bag,"₹2,159","₹3,599",
Skybags,Men Trible Plus Brand Print Backpack,"₹1,260","₹1,800",3.2
Skybags,Men Klan Typographic Print Backpack,"₹1,344","₹2,100",4.1
TOMMY HILFIGER,"15"" Laptop Backback with Shoulder Straps","₹1,979","₹3,299",
Wildcraft,Men Travel Pro 40 Rucksack,"₹2,599",,
Priority,Mens Laptop Bag  Pack,₹831,"₹2,399",
SPYKAR,Men Laptop Backpack with Zip Closure ,"₹1,400","₹3,499",
Priority,Typographic Print Backpack with Adjustable Strap ,₹408,"₹1,299",4.4
Priority,College Back Pack,₹471,"₹1,599",3.8
Priority,Back Pack with Adjustable Shoulder Strap,₹429,"₹1,799",
SPYKAR,Everyday Backpack with Adjustable Straps ,"₹2,000","₹3,999",3.3
MOKOBARA,Bagpack with Adjustable Shoulder Strap,"₹5,000","₹8,999",4.3
Wildcraft,Men Backpack with Multiple Compartments,"₹1,499","₹1,999",
Wildcraft,Men Laptop Back Pack,"₹1,899",,
Wildcraft,Men Laptop Back Pack,"₹2,599",,
Wildcraft,Unisex Laptop Back Pack,"₹2,099",,
VENEER,Men Colourblock Backpack with Zip Closure,"₹4,050","₹14,999",
Leather World,Typography Print Back Pack,₹850,"₹2,499",3.5
Puma,Men Logo Print Everyday Backpack,"₹1,250","₹2,499",
SUPERDRY,Vintage Toploader Everyday Backpack,"₹3,299","₹5,499",4.3
VENEER,Men Backpack with Zip Closure & Adjustable Strap,₹945,"₹3,499",4.3
Pazzo,Men Colourblock Backpack with Adjustable Straps,₹336,₹799,4.3
F-GEAR,Camouflage Print Backpack with Adjustable Shoulder Straps,₹717,"₹2,240",3.5
F-GEAR,Brand Print Backpack with Adjustable Shoulder Straps,₹541,"₹1,745",3.9
Priority,Men Printed Backpack with Adjustable Strap ,₹379,"₹1,499",3
FUR JADEN,Backpack with USB Charging Port,"₹1,100","₹2,500",4
Adidas Kids,Classic Backpack with Two Side Mesh Pockets,"₹2,099","₹2,799",
Wildcraft,Unisex Backpack with Adjustable Straps,"₹2,299",,
Puma,Men Logo Print Backpack,"₹1,499",,4.5
ADIDAS,Motion Bos Bp Sports Bag,"₹2,339","₹3,599",
Skybags,Men Offroader NX 01 Laptop Backpack,₹856,"₹2,200",4.5
Puma,Brand Embroidered Backpack,₹900,"₹1,799",
Puma,Downtown Backpack,"₹2,200","₹4,999",
WILDHORN,Everyday Backpack with Logo Applique,₹504,"₹4,199",3.2
TOMMY HILFIGER,"15"" Laptop Backback with Shoulder Straps","₹1,979","₹3,299",
Skybags,Men Typographic Print Backpack,₹810,"₹2,700",3.4
Reebok,Printed Backpack with Mesh Pockets,₹974,"₹1,299",
ARMANI EXCHANGE,Men Logo Print Backpack with Adjustable Straps,"₹20,999",,
AMERICAN TOURISTER,Bounce Backpack,"₹2,175","₹2,180",3.3
Wildcraft,Unisex Patterned Blaze 35 Backpack,"₹1,274","₹1,699",
Wildcraft,Unisex Brand Print Backpack with Adjustable strapes,"₹1,274","₹1,699",
Wildcraft,Unisex Backpack with Adjustable Straps,"₹1,499",,
Wildcraft,Unisex Geometric Print Water-Repellent Backpack,"₹1,799",,
Call it spring,Men Everyday Backpack with Adjustable Strap,"₹4,199","₹6,999",
Priority,Mens Laptop Bag  Pack,₹387,"₹1,249",2.7
Puma,Solid Back Pack,"₹1,260","₹2,799",
URBAN MONKEY,Unisex Backpack with Adjustable Straps,"₹3,182","₹4,749",
SPYKAR,Everyday Back Pack with Adjustable Straps,"₹1,500","₹2,999",3
Priority,Men Logo Embossed Everyday Backpack,₹474,"₹1,499",
Puma,Solid Back Pack,"₹1,260","₹2,799",
URBAN MONKEY,Unisex Backpack with Adjustable Straps,"₹3,182","₹4,749",
SPYKAR,Everyday Back Pack with Adjustable Straps,"₹1,500","₹2,999",3
Priority,Men Logo Embossed Everyday Backpack,₹474,"₹1,499",
Puma,Backpack with Adjustable Shoulder Strap,"₹4,499",,
Wildcraft,Unisex Laptop Back Pack,"₹3,399",,
Wildcraft,Unisex Laptop Back Pack,"₹3,599",,
Wildcraft,Men Backpack with Multiple Compartments,"₹2,722","₹3,629",
HIDESIGN,Men Textured Back Pack,"₹15,296","₹16,995",
Wildcraft,Men Typographic Print Backpack with Adjustable Straps,"₹1,999",,
Wiki,Men Colourblock Everyday Back Pack,₹439,,
Wildcraft,Men Laptop Back Pack,"₹2,099",,
Wildcraft,Men Everyday Back Pack,₹899,,
Wildcraft,Men Rucksack Back Pack,"₹2,399",,
Wildcraft,Men Laptop Back Pack,"₹2,099",,
Wildcraft,Men Laptop Back Pack,"₹5,999",,
OZUKO,9601 Range Backpack with Zip Closure,"₹7,245","₹20,700",3
OZUKO,9388 Backpack with Adjustable Straps,"₹5,840","₹14,600",
Skybags,Men Klan Pro Chevron Print Backpack,"₹1,820","₹2,600",
Skybags,Men Klan Plus Brand Print Backpack,"₹1,680","₹2,400",2.7
CONVERSE,"Printed 14"" Laptop Backpack","₹1,499",,
Skybags,Men Klan Plus Typographic Print Backpack,"₹1,680","₹2,400",2.7
Priority,Men Everyday Use Back Pack,₹429,"₹1,799",3.5
UNITED COLORS OF BENETTON,Laptop Backpack with Adjustable Strap ,"₹2,499",,
NETPLAY,Men Backpack with Adjustable Strap,₹700,"₹1,399",
F-GEAR,"Men 16"" Laptop Backpack with Quilted Accent","₹1,429","₹2,198",4.5
Adidas Originals,Adicolor Originals Backpack,"₹2,999",,5
KENNETH COLE,Everyday Backpack with Adjustable Straps,"₹3,158","₹7,895",5
Leather World,Back Pack with Zip-Closure ,₹900,"₹2,499",3.8
Leather World,Textured Back Pack with Adjustable Strap,"₹1,000","₹3,999",3.5
Skybags,Men Archies Printed Laptop Backpack,₹800,"₹2,000",5
Puma,Typographic Print Rucksack Backpack with Adjustable Straps,"₹3,000","₹5,999",4.2
French Accent,Everyday Backpack with Bottle Holder,"₹1,635","₹4,419",
F-GEAR,"Men 16"" Laptop Backpack",₹946,"₹2,490",4.1
Puma,Colourblock 14'' Laptop Backpack,₹764,"₹1,499",3.6
Skybags,Men KREW 02 Typographic Print Laptop Backpack,₹788,"₹2,100",1.5
French Accent,Men Laptop Back Pack with Zip-Closure,"₹2,225","₹5,298",
Dailyobjects,Colourblock Laptop Back Pack,"₹3,479","₹5,999",
French Accent,Men Leather Backpack with Adjustable Strap ,"₹2,950","₹8,938",
SUPERDRY,Vintage Toploader Backpack,"₹5,499",,4.4
Lunar's,Panelled Backpack with Adjustable Shoulder Straps,₹850,"₹1,699",4.1
Skybags,Men Offroader 02 Biking Everyday Backpack,₹675,"₹1,800",3.6
VENEER,Men Croc-Embossed Backpack with Zip Closure,"₹1,350","₹4,999",4.3
Puma,"Brand Print 15"" Laptop Backpack",₹851,"₹2,299",3.9
MOKOBARA,The Transit Unisex Multipurpose Briefcase,"₹4,799","₹8,999",4.7
Priority,Mens Laptop Bag  Pack,₹831,"₹2,399",2.4
NETPLAY,Men Crossbody Bag with Zip Closure,₹400,₹799,3.8
SUPERDRY,Vintage Printed Montana Backpack,"₹2,759","₹4,599",4.1
TOMMY HILFIGER,Geometric Print Backpack with Adjustable Straps,"₹2,219","₹3,699",3.8
OZUKO,9509 Debossed Laptop Crossbody Bag,"₹4,920","₹12,300",2
Cole Haan,Men 72 Hour Backpack,"₹24,100","₹48,200",
F-GEAR,Men Printed Backpack with Adjustable Straps,₹623,"₹1,640",
AMERICAN TOURISTER,Bagpack with Adjustable Shoulder Strap,"₹3,280",,
ARISTOCRAT,Men School Bag with Adjustable Straps,"₹2,000",,
FGEAR,Laptop Backpack with Adjustable Shoulder Straps ,₹499,"₹1,280",3.7
Skybags,Men Business Pro Laptop Backpack,"₹1,764","₹3,600",2.5
Skybags,Men Hawk 01 Camouflage Print Rucksack Bag,"₹2,040","₹5,100",
Puma,BMW MMS Backpack with Zipper Closure,"₹4,999",,
ASOS DESIGN,Men Backpack with Grab Handle & Contrast Stitch,"₹2,339","₹2,999",
ADIDAS,Prime Bp Sports Bag,"₹2,159","₹3,599",
MOKOBARA,The Unisex Multipurpose Briefcase Pro,"₹7,300","₹12,999",
Reebok,Logo Print Backpack with Adjustable Straps,"₹2,999","₹3,999",4.3
Skybags,Men Gameraze LP Brand Print Backpack,"₹1,925","₹2,750",2.8
Skybags,Men Xelius Plus Brand Print Backpack,"₹1,200","₹3,000",3
Skybags,Men Archies Typographic Print Backpack,₹660,"₹1,100",3.1
Reebok,Brand Print Backpack,₹974,"₹1,299",3.3
Skybags,Men Trible Plus Typographic Print Backpack,"₹1,260","₹1,800",3.2
ARMANI EXCHANGE,Men Antigua Essential Brand Print Backpack,"₹12,599","₹20,999",
Puma,Textured 16'' Laptop Backpack,"₹1,440","₹2,999",3
Skybags,Men Rizz Laptop Backpack with Adjustable Strap,"₹2,205","₹3,150",1.5
Skybags,Men Trible Plus Typographic Print Backpack,"₹1,260","₹1,800",3.2
ARMANI EXCHANGE,Men Liam Bag,"₹20,999",,
Wildcraft,Unisex Travel Pro 50 Rucksack,"₹2,999",,
Wildcraft,Unisex Backpack with Adjustable Straps,"₹1,999",,
Priority,Typographic Print Backpack with Adjustable Strap ,₹333,₹975,3.9
Priority,College Back Pack,₹471,"₹1,599",3.8
Priority,Back Pack with Adjustable Shoulder Strap,₹324,₹975,4.3
SPYKAR,Backpack with Adjustable Straps ,"₹1,750","₹3,499",3.2
VENEER,Men Backpack with Zip Closure & Adjustable Strap,"₹2,700","₹9,999",
MOKOBARA,The Bliss Multipurpose Laptop Backpack for Women,"₹6,500","₹11,999",4.3
SPYKAR,Backpack with Adjustable Straps ,"₹1,250","₹2,499",
Gods,Typographic Print Backpack with Adjustable Straps,"₹3,780","₹6,000",4.7
ZIPLINE,Printed Backpack with Adjustable Straps,₹750,"₹1,499",3.2
MOKOBARA,Men Back Pack,"₹6,999","₹11,999",
Wildcraft,Men Laptop Back Pack,"₹2,599",,
Wiki,Men Checked Everyday Lunch Bag,₹649,,
Wildcraft,Unisex Backpack with Multiple Compartments,"₹1,499","₹1,999",
Wildcraft,Men Backpack with Multiple Compartments,"₹2,549","₹3,399",
CONVERSE,Men Everyday Back Pack,"₹3,999",,4
Columbia,Men Back Pack with Adjustable Shoulder Strap,"₹4,999",,
Wildcraft,Men Backpack with Multiple Compartments,"₹2,549","₹3,399",
CONVERSE,Men Everyday Back Pack,"₹3,999",,4
Columbia,Men Back Pack with Adjustable Shoulder Strap,"₹4,999",,
Priority,College Back Pack,₹549,"₹2,499",
Wildcraft,Men Typographic Print Backpack with Adjustable Straps,"₹3,499",,3
Wildcraft,Men Rucksack Back Pack,"₹3,999",,
Wiki,Men Printed Everyday Pouch,₹499,,
Skybags,Men Colourblock Laptop Backpack with Zip Closure,"₹1,798",,4.5
WILDHORN,Everyday Backpack with Zip Closure,₹546,"₹4,199",3.9
Priority,Padded Laptop Backpack,₹419,"₹1,999",4
Fly Fashion,Textured Laptop Backpack,₹850,"₹2,499",2.7
ARMANI EXCHANGE,Men Logo Print Backpack with Adjustable Straps,"₹20,999",,
ADIDAS,"18"" Ac Archive Logo Print Laptop Backpack","₹3,599",,
Wildcraft,Unisex Backpack with Logo Embroidery,"₹2,499",,
Priority,Men Laptop Travel Backpack,₹387,"₹1,249",2.7
Priority,Typographic Print Backpack with Adjustable Strap ,₹411,₹975,2.5
SPYKAR,Everyday Backpack with Shoulder Straps ,"₹1,400","₹2,799",
Wiki,Men Casual Back Pack,"₹3,599","₹3,999",
VENEER,Men Backpack with Adjustable Shoulder Strap,₹945,"₹3,499",4.3
REDHORNS,Men Back Pack,"₹3,500","₹9,999",
UNITED COLORS OF BENETTON,Men Laptop Backpack with Adjustable Straps   ,"₹2,999",,
MaheTri,Men Backpack with Padded Laptop Sleeve,"₹5,000","₹10,000",
VENEER,Backpack with Adjustable Shoulder Strap,₹945,"₹3,499",4.3
CARLTON,Men Bradford Laptop Backpack,"₹4,500",,
Priority,Men Laptop Travel Backpack,₹499,"₹1,999",
French Accent,Men Leather Back Pack,"₹3,489","₹6,978",4.5
Priority,Men Travel Backpack with Adjustable Straps,₹999,"₹3,499",
ONEGO,Laptop Backpack with Adjustable Strap,₹680,"₹1,699",4.1
CAT,Travel Back Pack,"₹3,150","₹6,299",4.8
BAD HABIT,Back Pack with Adjustable Straps,"₹2,499",,
CAT,Men Travel Backpack with Adjustable Straps,"₹2,800","₹5,599",2.5
ZIPLINE,Printed Backpack with Adjustable Straps,₹750,"₹1,499",3.2
VENEER,Men Backpack with Adjustable Shoulder Strap,"₹2,160","₹7,999",3
Wiki,Men Back Pack,₹779,"₹1,299",
Priority,Men Others Back Pack,₹599,"₹1,599",
Priority,Girls Everydayt Back Pack,₹831,"₹2,399",
Priority, Man Regular Fit  Back Pack,₹831,"₹2,399",
Hookaba,Dazz Roll Women LED Backpack,"₹6,499","₹9,999",
Cantabil,Colour-block Back Pack,₹800,"₹1,599",
Wiki,Men Crossbody Bag with Adjustable Strap,"₹1,699",,
RED TAPE,Men Brand Embossed Travel Backpack with Adjustable Strap,"₹3,780","₹13,999",
RED TAPE,Men Travel Back Pack,"₹3,780","₹13,999",
Priority,Typographic Print Backpack with Adjustable Strap ,₹552,"₹1,299",
Skybags,Men Chester PRO 03 Laptop Backpack,"₹1,900","₹3,800",3
ARMANI EXCHANGE,Laptop Backpack with Side Pockets,"₹9,000","₹17,999",
Skybags,Men Gameraze LP Brand Print Backpack,"₹1,925","₹2,750",2.8
TOMMY HILFIGER,Brand Print Laptop Backpack,"₹2,399","₹3,999",4.2
MOKOBARA,Men Everyday Backpack with Adjustable Straps,"₹6,500","₹11,999",4.2
F-GEAR,Camouflage Print Rucksack,"₹1,132","₹2,980",3.5
Priority,Typographic Print Backpack with Adjustable Strap ,₹411,₹975,2.3
Pazzo,Travel Bag with Adjustable Strap,₹499,₹799,3.8
VENEER,Men Croc-Embossed Backpack with Zip Closure,"₹1,350","₹4,999",4.3
Priority,Typographic Print Backpack with Adjustable Strap ,₹333,₹975,4
F-GEAR,Water-Resistant Ergonomic Everyday Backpack,₹812,"₹1,980",4.3
Skybags,Men Striped Backpack,"₹3,300",,3
Priority,Men Back Pack,₹831,"₹2,399",
YOUSTA,Men Travel Backpack with Neon Detailing,₹799,,4.3
OZUKO,8020 Brand Print Backpack,"₹5,120","₹12,800",2
Wildcraft,Unisex Evo 35 Patterned Backpack,"₹1,349","₹1,799",
Wildcraft,Unisex Blaze Printed Backpack with Rain Cover,"₹1,999",,
Wildcraft,Unisex Backpack with Adjustable Straps,"₹1,699",,
Wildcraft,Men Printed Backpack with Adjustable Straps,"₹3,199",,
Wildcraft,Unisex Backpack with Adjustable Straps,"₹1,699",,
Wildcraft,Unisex Backpack with Logo Embroidered,"₹1,699",,
Wildcraft,Men Rucksack Brand Print Backpack with Adjustable Straps,"₹4,724","₹6,299",
Wildcraft,Unisex Backpack with Adjustable Straps,"₹1,699",,
Lunar's,Monica Printed Backpack,₹599,₹999,3.9
OZUKO,9479 Backpack with Zip Closure,"₹4,520","₹11,300",
TOMMY HILFIGER,Unissex Zander Bolt Logo Print Laptop Backpack,"₹2,219","₹3,699",
Reebok,Solid Backpacks Bags,₹974,"₹1,299",
Cole Haan,Men 72 Hour Backpack,"₹24,100","₹48,200",
Puma,"Men 17"" Laptop Backpack with Logo Print","₹2,099",,3.8
Nakuru,Unisex Nomad Essentials Hard & Soft Body Small Backpack,"₹4,165","₹11,900",
Cole Haan,Men Zerogrand 2-in-1 Backpack,"₹24,100","₹48,200",
MaheTri,Men Trekking Back Pack with Side Zip Pockets,"₹3,600","₹8,000",
Skybags,Men Offroader NX 04 Laptop Backpack,₹858,"₹2,200",3.5
Skybags,Men New Neon Typographic Print Backpack,"₹1,318","₹2,398",
Nakuru,Unisex Nomad Essentials Hard & Soft Body Small Backpack,"₹4,165","₹11,900",
TOMMY HILFIGER,Men Colourblock Backpack with Adjustable Straps,"₹2,699","₹4,499",3.8
MOKOBARA,The Unisex Multipurpose Briefcase Pro,"₹7,300","₹12,999",
Skybags,Men Typographic Print Backpack with Zip Closure,₹787,"₹1,050",
F-GEAR,"Men Brand Print 14"" Laptop Backpack",₹855,"₹2,760",5
F-GEAR,Men Colourblock Backpack,₹959,"₹2,399",4.2
Nakuru,Unisex Horizon Travel Gear Hard & Soft Body Medium Backpack,"₹5,775","₹16,500",
Skybags,Men Grad Plus Brand Print Laptop Backpack,"₹1,131","₹2,600",4.5
Reebok,Backpack with Zip Pockets,"₹1,199","₹1,599",
Puma,Colourblock 14'' Laptop Backpack,"₹1,399",,
ARMANI EXCHANGE,Men Tulum Backpack with Adjustable Straps,"₹20,999",,
ARMANI EXCHANGE,Men Salina Essential Brand Print Backpack,"₹11,999","₹19,999",
ARMANI EXCHANGE,Men Miami Backpack with Adjustable Straps,"₹20,999",,
ARMANI EXCHANGE,Men Salina Essential Brand Print Backpack,"₹11,999","₹19,999",
ARMANI EXCHANGE,Men Miami Backpack with Adjustable Straps,"₹20,999",,
ARMANI EXCHANGE,Men Liam Bag,"₹20,999",,
Puma,West Logo Print Backpack,₹964,"₹2,299",3.7
Reebok Classic,Everyday Backpack with Shoulder Straps,"₹1,874","₹2,499",3.3
Reebok Classic,Colourblock Backpack with Click-Clasps,"₹2,699","₹3,599",4
Skybags,Men Trible Pro Brand Print Backpack,"₹1,400","₹2,000",
EA7 Emporio Armani,Logo Taping Backpack,"₹12,099","₹21,999",
ARMANI EXCHANGE,Men Nicholas Everyday Backpack,"₹20,999",,
ARMANI EXCHANGE,Men A-Line Everyday Backpack,"₹20,999",,
Skybags,Men Xelius Pro Striped Backpack,"₹2,450","₹3,500",3
SPYKAR,Everyday Back Pack with Adjustable Strap,"₹1,250","₹2,499",2.8
Wildcraft,Unisex Printed Backpack with Adjustable Straps,"₹2,002","₹2,669",
Wildcraft,Unisex Camouflage Print Backpack with Adjustable Strap,"₹1,999",,
Wildcraft,Unisex Backpack with Adjustable Straps,"₹1,499",,
Wildcraft,Men Geometric Print Water-Repellent Backpack,"₹1,799",,
Wildcraft,Unisex Printed Backpack with Adjustable Straps,"₹3,199",,
Wildcraft,Unisex Colourblock Backpack with Adjustable Straps,"₹1,604","₹2,139",
Wildcraft,Unisex Printed Backpack with Adjustable Straps,"₹1,604","₹2,139",
Wildcraft,Unisex Printed Eveyday Backpack with Adjustable Straps,"₹2,902","₹3,869",
Wildcraft,Unisex Backpack with Adjustable Straps,"₹1,699",,
Call it spring,Men Back Pack with Zip Closure,"₹3,599","₹5,999",
Priority,Back Pack with Adjustable Shoulder Strap,₹412,"₹1,315",
TOMMY HILFIGER,Backpack with Adjustable Strap,"₹3,499",,
Priority,Typographic Print Backpack with Adjustable Strap ,₹324,₹975,2.3
Call it spring,Men Everyday Backpack with Adjustable Strap,"₹3,599","₹5,999",
Priority,Typographic Print Backpack with Adjustable Strap ,₹324,₹975,4.3
Priority,Men Backpack with Adjustable Straps,₹611,"₹2,299",
URBAN MONKEY,Unisex Backpack with Adjustable Strap,"₹3,087","₹4,749",
Priority,Men Back Pack,₹471,"₹1,599",
Call it spring,Men Everyday Backpack with Adjustable Strap,"₹4,199","₹6,999",
Priority,Men Typographic Print Backpack with Zip Closure,₹333,₹975,2.3
Priority,Typographic Print Backpack with Adjustable Strap ,₹411,₹975,2.5
Priority,Men Back Pack,₹375,"₹1,399",
SPYKAR,Colourblock Everyday Back Pack with Adjustable Strap,"₹1,250","₹2,499",5
Carpisa,Everyday Backpack with Adjustable Strap,"₹1,320","₹4,399",
ZIPLINE,Men Colourblock Backpack with Zip Closure,₹855,"₹1,899",4.1
Astrid,Laptop Backpack with Adjustable Strap,"₹1,133","₹2,099",3.8
Reebok,Logo Print Backpack with Front Zip Pocket,"₹1,349","₹1,799",
MaheTri,Men Leather Backpack with Adjustable Strap,"₹5,390","₹11,000",
Reebok,Typographic Print Duffle Bag with Adjustable Strap,"₹1,349","₹1,799",
Skybags,Men Typographic Print Rucksack Bag with Adjustable Strap,"₹1,811","₹5,100",
Awestuffs,Men Multifunction Laptop Backpack,₹600,"₹1,000",
Skybags,Bagpack with Adjustable Shoulder Strap,₹525,"₹1,050",
Astrid,Laptop Backpack with Adjustable Straps,₹928,"₹3,199",4.8
Skybags,Bagpack with Adjustable Shoulder Strap,₹525,"₹1,050",
Astrid,Laptop Backpack with Adjustable Straps,₹928,"₹3,199",4.8
SPYKAR,Everyday Back Pack with Laptop Compartment,"₹1,450","₹2,899",3.7
MOKOBARA,Men Padded Laptop Backpack ,"₹9,499","₹16,999",
Skybags,Men Trible Pro Brand Print Backpack,"₹1,400","₹2,000",
Wiki,Men Casual Back Pack,"₹1,925","₹2,139",
Wildcraft,Men Backpack with Multiple Compartments,"₹2,347","₹3,129",
Wildcraft,Men Backpack with Multiple Compartments,"₹2,249","₹2,999",
Wildcraft,Unisex Backpack with Multiple Compartments,"₹2,347","₹3,129",
Wildcraft,Men Laptop Back Pack,"₹2,499",,
Wildcraft,Men Laptop Back Pack,"₹2,499",,
Wildcraft,Men Laptop Back Pack,"₹2,499",,
Wildcraft,Unisex Typographic Print Backpack with Adjustable Straps,"₹3,299",,
Wildcraft,Men Back Pack,"₹4,999",,
Wildcraft,Men Backpack with Multiple Compartments,"₹1,784","₹2,379",
Wildcraft,Unisex Backpack with Multiple Compartments,"₹1,597","₹2,129",
Wildcraft,Unisex Backpack with Multiple Compartments,"₹2,812","₹3,749",
Wildcraft,Men Backpack with Multiple Compartments,"₹1,499","₹1,999",
CONVERSE,Men Everyday  Back Pack,"₹5,499",,
Priority,Men Others Back Pack,₹471,"₹1,599",4.5
Wildcraft,Men Backpack with Multiple Compartments,"₹1,784","₹2,379",
Wildcraft,Men Laptop Back Pack,"₹2,999",,
Wildcraft,Men Laptop Back Pack,"₹2,499",,
Wildcraft,Men Laptop Back Pack,"₹2,999",,
Wildcraft,Unisex Laptop Back Pack,"₹5,499",,
Wildcraft,Men Back Pack with Adjustable Straps,"₹5,499",,
Wildcraft,Unisex Back Pack,"₹4,999",,
Wildcraft,Unisex Laptop Back Pack,"₹2,999",,
Priority,Men Others Back Pack,₹307,"₹1,199",3.6
Skybags,Men Chester PRO 03 Laptop Backpack,"₹1,900","₹3,800",3.6
Deuter,Men Typographic Print Backpack with Zip Closure,"₹2,999",,
Swiss Military,HONEY Unisex Soft Trolley Bag,"₹5,409","₹9,490",
OZUKO,APEX Range One Size Backpack,"₹11,220","₹20,400",
Hookaba,Glowbuddy Kids LED Backpack,"₹4,967","₹7,199",
Dailyobjects,Laptop Backpack with Adjustable Straps,"₹1,699","₹2,499",4.5
CAT,Others Back Pack,"₹3,500","₹6,999",3.4
VENEER,Men Backpack with Zip Closure & Adjustable Strap,"₹2,160","₹7,999",3
Skybags,Men Typographic Print Laptop Backpack with Zip Closure,₹748,"₹2,200",3.3
Priority,Men Backpack with Adjustable Shoulder Strap,₹501,"₹1,380",3
Priority,Mens Laptop Bag  Pack ,₹831,"₹2,399",
Priority,Mens Laptop Bag  Pack,₹429,"₹1,799",
TOMMY HILFIGER,Back Pack with Adjustable Shoulder Strap,"₹9,999",,
POLICE,Everyday Backpack with Adjustable Straps,"₹3,799",,3.3
French Accent,Men Laptop Back Pack with Zip-Closure,"₹1,535","₹6,978",4
MUJI,Less Tiring Water Repellent Large Capacity Backpack,"₹6,690",,4.8
Pazzo,Men Colourblock Backpack with Adjustable Straps,₹336,₹799,2.5
Tiger Marron,Genuine Leather Everyday Backpack,"₹5,500",,5
The Clownfish,Techtrek Laptop Sleeve Travel Laptop Backpack-M,"₹2,239","₹3,499",4.5
KENNETH COLE,Everyday Backpack with Adjustable Straps,"₹3,158","₹7,895",
Reebok,Back Pack with Adjustable Shoulder Strap,"₹2,249","₹2,999",3
HIDESIGN,Everyday Backpack with Adjustable Straps,"₹13,496","₹14,995",
VENEER,Men Backpack with Zip Closure & Adjustable Strap,"₹1,080","₹3,999",4.6
Skybags,Men Ekoh Laptop Backpack with Adjustable Strap,"₹2,065","₹2,950",3.1
F-GEAR,Unisex Backpack with Adjustable Straps,"₹1,084","₹2,580",
PERFORMAX,Men Logo Print Backpack,₹299,₹499,2.9
ZIPLINE,Typographic Print Everyday Backpack,₹855,"₹1,899",4.1
Skybags,Men Xylo Plus Laptop Backtop,"₹2,156","₹4,400",4.1
Skybags,Bagpack with Adjustable Shoulder Strap,"₹1,375","₹2,500",
Pazzo,Men Colourblock Backpack with Adjustable Straps,₹336,₹799,3.5
Skybags,Men Typographic Print Laptop Backpack with Zip Closure,"₹1,394","₹2,300",2.5
Skybags,Men Striped Backpack,"₹1,056","₹3,300",
French Accent,Men Backpack with Front-Pocket,"₹2,375","₹5,398",3.8
Priority,Men Logo Embossed Everyday Backpack,₹474,"₹1,499",
VENEER,Backpack with Adjustable Shoulder Straps,"₹1,188","₹4,399",3
VENEER,Men Backpack with Adjustable Shoulder Strap,"₹1,350","₹4,999",1
Priority,Men Colourblock Back Pack ,₹474,"₹1,499",
VENEER,Men Back Pack with Adjustable Strap,"₹1,053","₹3,899",3.3
F-GEAR,Men Printed Backpack,"₹1,002","₹2,180",4
French Accent,Men Backpack with Top-Handle ,"₹2,375","₹5,398",3
MAX,Men Crossbody Bag with Adjustable Strap,₹699,,
SUPERDRY,Code Montana Laptop Backpack,"₹4,799","₹7,999",4.4
French Accent,Padded Laptop Backpack,"₹1,559","₹3,898",
Strap It,Men Laptop Backpack with Zip Closure,"₹3,250","₹6,499",3
F-GEAR,Colourblock Backpack with Brand Print,₹500,"₹2,380",
Lunar's,Panelled Backpack with Adjustable Straps,₹849,"₹1,799",3.4
GAUGE MACHINE,Everyday Backpack with Adjustable Straps,"₹1,400","₹3,999",2.7
Deuter,Men Typographic Print Backpack with Zip Closure,"₹5,299",,
Wiki,Unisex Marvel Hulk Print Backpack,"₹1,757","₹1,849",
French Accent,Men Backpack with Adjustable Shoulder strap ,"₹2,384","₹5,298",
Swiss Military,UFO Unisex Hard Shell Laptop Backpack,"₹3,375","₹6,490",
Swiss Military,Textured Back Pack with Padded Straps,"₹2,085","₹3,790",
Deuter,Men Colourblock Backpack with Adjustable Straps,"₹5,999",,
Wildcraft,Men Rucksack Back Pack,"₹3,499",,3
MOKOBARA,P Men Laptop Back Pack,"₹6,999","₹11,999",
Deuter,Men Back Pack,"₹19,999",,
French Accent,Men Laptop Back Pack with Zip-Closure,"₹2,477","₹5,898",
Puma,Unisex Day Logo Print Backpack,₹999,,4.1
Puma,Men Plus Gym Sack,₹405,₹899,5
Puma,Colourblock Everyday Bagpack with Adjustable Strap,₹779,"₹1,299",3.8
Puma,"West 15"" Laptop Backpack",₹966,"₹2,299",3.8
Pazzo,Colourblock Backpack with Adjustable Shoulder Straps,₹799,,
Puma,"15"" Backpack with Signature Branding",₹967,"₹2,299",2.5
SPYKAR,Colourblock Backpack with Adjustable Straps ,"₹1,250","₹2,499",4.3
Wildcraft,Unisex Blaze 35 Graphic Print Backpack,"₹1,274","₹1,699",
URBAN MONKEY,Unisex Backpack with Adjustable Strap,"₹3,365","₹4,949",
HIDESIGN,Textured Crossbody Back Pack ,"₹6,034","₹6,595",
ONEGO,Typographic Print Back Pack with Adjustable Strap,₹345,"₹1,499",3.8
ONEGO,Typographic Print Everyday Back Pack,₹345,"₹1,499",3.9
Wiki,Men Printed Everyday Back Pack,₹299,,
Dailyobjects,Textured Laptop Back Pack,"₹1,699","₹2,499",4.8
Strap It,Men Backpack with Adjustable Strap,"₹3,250","₹6,499",2.3
Wildcraft,Unisex Graphic Print Everyday Backpack with Adjustable Straps,"₹1,702","₹2,269",
HIDESIGN,One Compartment Everyday Backpack,"₹12,596","₹13,995",
Wildcraft,Unisex Backpack with Adjustable Straps,"₹1,699",,
REDHORNS,Men Holographic Print Back Pack,"₹1,880","₹3,999",5
Reebok,Solid Backpacks Bags,"₹1,874","₹2,499",
F-GEAR,"Unisex Brand Print 14"" Laptop Backpack",₹761,"₹2,380",4
Reebok,Solid Backpacks Bags,"₹1,349","₹1,799",
Nakuru,Unisex Horizon Travel Gear Hard & Soft Body Small Backpack,"₹5,775","₹16,500",
OZUKO,8020 Brand Print Backpack,"₹5,120","₹12,800",4.5
Puma,Men Logo Print Backpack,"₹1,050","₹2,099",3.9
OZUKO,9309 Camouflage Print Hiking Backpack,"₹9,315","₹20,700",
OZUKO,9585 Backpack with Zip Closure,"₹6,000","₹15,000",4.5
SPYKAR,Men Duffle Bag with Adjustable Strap,"₹1,250","₹2,499",
AMERICAN TOURISTER,Bagpack with Adjustable Shoulder Strap,"₹3,280",,
Reebok,Printed Backpack with Shoulder Straps,"₹1,350","₹2,699",
EA7 Emporio Armani,Graphic Series Backpack with Contrast Logo,"₹11,500","₹22,999",
QUIKSILVER,Locker 3 Everyday Backpack,"₹3,495",,3.8
MUJI,2-Way Backpack,"₹3,990",,
ARMANI EXCHANGE,Logo Backpack with Side Pockets,"₹9,500","₹18,999",2.3
OZUKO,9309 Hiking Backpack with USB Charging,"₹8,840","₹22,100",4.5
OZUKO,8020 Brand Print Backpack,"₹5,120","₹12,800",4.5
OZUKO,9309 Hiking Backpack with USB Charging,"₹9,315","₹20,700",
Lavie Sport,Men Typographic Rucksack Backpack,"₹1,159","₹4,599",
roar for good,Convertible Backpack with Leather Details,"₹2,317","₹4,290",
Columbia,Men Rucksack Bag with Buckle Closure,"₹14,999",,
Reebok,Duffle Bag with Adjustable Shoulder Strap,"₹1,499","₹1,999",
Reebok,Backpack with Adjustable Shoulder Strap,"₹1,349","₹1,799",3.8
WALRUS,Men Everyday Padded Backpack,"₹1,094","₹3,125",2
Priority,Typographic Print Backpack with Adjustable Strap ,₹412,"₹1,315",3
MaheTri,Men Strappy Backpack with Padded Laptop Sleeve,"₹5,130","₹13,500",
OZUKO,9326 Travel Backpack with Adjustable Straps,"₹11,160","₹24,800",
Reebok,Solid Backpacks Bags,"₹1,874","₹2,499",4
CHARLES TYRWHITT,Men Leather Everyday Backpack,"₹14,999",,
OZUKO,9326 Travel Backpack with Adjustable Straps,"₹9,920","₹24,800",
MaheTri,Men Strappy Backpack with Padded Laptop Sleeve,"₹5,130","₹13,500",
OZUKO,9326 Travel Backpack with Adjustable Straps,"₹11,160","₹24,800",
Reebok,Solid Backpacks Bags,"₹1,874","₹2,499",4
CHARLES TYRWHITT,Men Leather Everyday Backpack,"₹14,999",,
OZUKO,9326 Travel Backpack with Adjustable Straps,"₹9,920","₹24,800",
Skybags,Men Klan Plus Graphic Print Backpack,"₹1,680","₹2,400",2.7
Reebok,Backpack with Adjustable Shoulder Straps,"₹1,874","₹2,499",4.3
ARMANI EXCHANGE,Mix Mag Backpack,"₹13,799","₹22,999",4
ARMANI EXCHANGE,Jack Nero Backpack,"₹20,999",,
Reebok,Backpack with Front Zip Pocket,"₹1,724","₹2,299",
Skybags,Travel Backpack with Branding,"₹2,470","₹6,500",3
Skybags,Men Grad Plus Brand Print Laptop Backpack,"₹1,820","₹2,600",4.5
Skybags,Men Rizz Laptop Backpack with Adjustable Strap,"₹2,205","₹3,150",1.5
Skybags,Men Klan Plus Floral Print Backpack,"₹1,680","₹2,400",2.7
PERFORMAX,Men Backpack with Adjustable Straps,₹779,"₹1,299",3.3
Skybags,Men Valor NXT 01 Laptop Backpack,"₹1,120","₹4,000",
EA7 Emporio Armani,All Over Logo Print Backpack,"₹19,000",,
EA7 Emporio Armani,All-Over Logo Print Backpack,"₹10,450","₹19,000",
PERFORMAX,Men Colourblock PSG Backpack,"₹1,019","₹1,699",
PERFORMAX,Men Backpack with Adjustable Straps,₹779,"₹1,299",3.3
Skybags,Men Chester PRO 03 Laptop Backpack,"₹1,900","₹3,800",3.5
French Accent,Men Leather Backpack with Adjustable Strap ,"₹2,950","₹8,938",
Wildcraft,Unisex Graphic Print Everyday Backpack with Adjustable Straps,"₹2,504","₹3,339",
Wildcraft,Unisex Trailblazer 60 Rucksack,"₹5,999",,
Wildcraft,Unisex Backpack with Adjustable Straps,"₹1,499",,
French Accent,Men Leather Backpack with Adjustable Strap ,"₹3,331","₹9,798",4
French Accent,Padded Laptop Backpack,"₹3,022","₹7,749",1.5
Pazzo,"19"" Colourblock Laptop Backpack with Adjustable Straps",₹900,"₹1,999",
Wildcraft,Men Gangotri 65 Rucksack,"₹6,999",,
Wildcraft,Unisex Geometric Print Water Repellant Backpack,"₹1,499",,
Wildcraft,Unisex Backpack with Logo Embroidered,"₹2,999",,
Wildcraft,Unisex Printed Backpack with Adjustable Straps,"₹3,499",,
Columbia,Men Logo Print Backpack with Adjustable Strap,"₹4,999",,2.3
Art N Vintage,Men Patchwork Genuine Leather Backpack,"₹11,699","₹12,999",
French Accent,Men Backpack with Padded-Shoulder strap ,"₹2,959","₹7,398",
F-GEAR,Men Travel Backpack with Adjustable Straps,"₹2,003","₹3,180",4.2
Skybags,Men Beatle Brand Print Laptop Backpack,"₹1,166","₹2,650",
ALDO,Men Padded Laptop Backpack ,"₹11,999",,
Priority,Men Typographic Print Backpack with Zip Closure,₹412,"₹1,315",
The Clownfish,Men Laptop Backpack with Adjustable Strap,"₹8,179","₹10,999",
French Accent,Laptop Backpack with Zip Closure ,"₹2,240","₹4,978",
French Accent,Men UrbanX Patterned Everyday Backpack,"₹3,489","₹6,978",
CONVERSE,Men Back Pack,"₹4,499",,
Deuter,Men Typographic Print Rucksack with Adjustable Strap,"₹11,999",,
Priority,Men Backpack with Adjustable Straps,₹611,"₹2,299",
Priority,Men Others Back Pack,₹549,"₹2,499",
UNITED COLORS OF BENETTON,Men Stylish Back Pack,"₹2,499",,
SPYKAR,Men Laptop Bag with Adjustable Shoulder Strap,"₹1,700","₹3,399",
French Accent,Men Backpack with Adjustable Strap,"₹3,489","₹6,978",
CONVERSE,Logo Print Back Pack with Adjustable Strap,"₹4,499",,
SPYKAR, Everyday Back Pack with Adjustable Straps,"₹3,499",,3.2
Nasher Miles,Striped Back Pack,"₹2,280","₹5,999",3.7
MATRICE,Laptop Backpack with Zip Closure,"₹1,320","₹3,000",4.5
ZIPLINE,Men Colourblock Backpack with Zip Closure,"₹1,000","₹1,999",3.8
HIDESIGN,Textured Genuine Leather Messenger Bag,"₹10,289","₹16,595",3.8
SPYKAR,Adjustable Straps Everyday Backpack,"₹3,000","₹5,999",
SPYKAR,Adjustable Straps Everyday Backpack,"₹1,400","₹2,799",1.8
SPYKAR,Backpack with Adjustable Straps ,"₹1,750","₹3,499",3.2
Tiger Marron,Genuine Leather Everyday Backpack,"₹8,400","₹12,000",3.9
Swiss brand,Textured Travel Backpack,"₹5,215","₹14,900",
Leather World,Textured Travel Back Pack with Adjustable Strap,₹960,"₹3,999",4
TEAKWOOD LEATHERS,Backpack with Adjustable Straps,"₹3,500","₹13,999",3
Haute Sauce,Backpack with Adjustable Strap,"₹1,952","₹4,153",
Astrid,Logo Embossed Back Pack,₹928,"₹3,199",
Reebok,Duffle Bag with Adjustable Shoulder Strap,"₹1,349","₹1,799",
Pazzo,Men Colourblock Backpack with Adjustable Straps,₹810,"₹1,799",
HIDESIGN,Logo Embossed Backpack with Adjustable Straps,"₹12,596","₹13,995",
VENEER,Men Back Pack with Adjustable Strap,"₹1,350","₹4,999",4.3
VENEER,Men Back Pack with Adjustable Strap,"₹1,053","₹3,899",3.3
VENEER,Colourblock Backpack with Adjustable Shoulder Straps,"₹1,188","₹4,399",3
VENEER,Men Colourblock Backpack with Zip Closure,"₹4,050","₹14,999",
CAT,Men Back Pack with Adjustable Straps,"₹4,500","₹8,999",4.8
VENEER,Backpack with Adjustable Shoulder Strap,₹945,"₹3,499",4.3
VENEER,Men Backpack with Zip Closure & Adjustable Strap,"₹1,215","₹4,499",3.5
Reebok,Duffle Bag with Adjustable Shoulder Strap,₹599,₹799,
VENEER,Men Backpack with Adjustable Shoulder Strap,₹945,"₹3,499",4.3
Reebok,Backpack with Adjustable Shoulder Strap,"₹2,999","₹3,999",
Priority,Men Logo Embossed Everyday Backpack,₹474,"₹1,499",
Nasher Miles,Geometric Print Back Pack,"₹1,350","₹2,999",4.2
Haute Sauce,Quilted Backpack with Adjustable Strap,₹854,"₹1,553",
SPYKAR,Backpack with Adjustable Straps ,"₹1,750","₹3,499",3.7
SPYKAR,Everyday Back Pack with Laptop Compartment,"₹1,500","₹2,999",4.3
Columbia,Men Travel Backpack with Adjustable Shoulder Straps,"₹3,999",,
Pazzo,Sky Tourister Medium 22 L Laptop Backpack,₹499,₹799,3.1
Lunar's,Panelled Backpack with Adjustable Straps,₹849,"₹1,799",3.6
Wildcraft,Men Backpack with Multiple Compartments,"₹1,874","₹2,499",
Da Milano,Textured Back Pack,"₹25,999",,
Wiki,Women Logo Embossed Everyday Backpack,"₹1,099",,
Reebok,Backpack with Adjustable Shoulder Strap,"₹2,249","₹2,999",
LACOSTE,Men Abstract Back Pack,"₹9,950",,
BAD HABIT,Men Printed Everyday Backpack,₹520,"₹2,599",
FOSSIL,Everyday Backpack with Adjustable Straps,"₹25,995",,
GUESS,Men Logo Back Pack,"₹24,000","₹30,000",
FOSSIL,Everyday Backpack with Adjustable Straps,"₹25,995",,
LACOSTE,Men Backpack with Adjustable Straps,"₹11,750",,
Bahama,Men Backpack with Adjustable Straps,₹750,"₹3,000",
CONVERSE,Men Every day Back Pack,"₹4,499",,
ALDO,Men Backpack with Adjustable Shoulder Strap,"₹12,999",,
Columbia,Men Travel Backpack with Adjustable Strap,"₹2,499",,
MOKOBARA,Men Back Pack,"₹7,499","₹12,999",
HIDESIGN,Men Textured Back Pack,"₹15,296","₹16,995",
Call it spring,Men Back Pack Bag,"₹5,599","₹7,999",
Priority,College Back Pack,₹599,"₹1,599",
Priority,College Back Pack,₹599,"₹1,599",
Lunar's,Men Logo Embossed Travel Backpack,₹900,"₹1,999",
Da Milano,Men Leather Back Pack,"₹25,999",,
LACOSTE,Men Back Pack,"₹15,000",,
Wildcraft,Men Laptop Back Pack,"₹3,399",,
Wiki,Men Crossbody Bag,"₹1,099",,
Wildcraft,Men Laptop Back Pack,"₹3,399",,
BAD HABIT,Men Back Pack with Adjustable Shoulder Strap,"₹1,250","₹4,999",
BAD HABIT,Men Stylish Back Pack,₹600,"₹2,999",
AMERICAN TOURISTER,"15"" Laptop Bag with Zip Pockets ","₹2,780",,
MOKOBARA,Men Logo Printed Back Pack,"₹6,000","₹10,999",
Columbia,Men Back Pack with Adjustable Shoulder Strap,"₹4,999",,
MOKOBARA,Men Back Pack,"₹7,499","₹12,999",
AMERICAN TOURISTER,"15"" Laptop Bag with Zip Pockets ","₹2,780",,4
ASOS DESIGN,Men Backpack with Drawstring Detail,"₹2,099","₹2,999",
Priority,"Unisex 17"" Typographic Print Laptop Backpack with Bottle Holder",₹459,"₹1,999",2.5
AMERICAN TOURISTER,Printed Everyday Backpack with Adjustable Straps,"₹2,500",,
Reebok,Printed Backpack with Mesh Pockets,₹974,"₹1,299",3.5
ARMANI EXCHANGE,Men Digital Desert Milano Edition Backpack,"₹11,999","₹19,999",
Priority,Others Back Pack,₹333,₹975,4
SPYKAR,Men Colourblock Laptop Backpack with Zip Closure ,"₹1,500","₹2,999",
Wildcraft,Men Rucksacks Back Pack,"₹1,999",,
F-GEAR,Logo Print Backpack with Adjustable Straps,₹628,"₹1,745",4.1
GEAR,Backpack with External Zip Pockets,₹396,₹899,3.6
ARMANI EXCHANGE,Men Digital Milano Edition Backpack,"₹11,999","₹19,999",
Call it spring,Men Everyday Backpack with Adjustable Strap,"₹4,199","₹6,999",
CARLTON,Men Hampshire Laptop Backpack with Adjustable Strap,"₹7,300",,1
Carriall,17'' Laptop Backpack with Bottle Holder,"₹1,295","₹1,799",2.5
VENEER,Men Back Pack with Adjustable Strap,"₹2,160","₹7,999",3.7
Urban Tribe,Logo Print Padded Laptop Backpack,"₹1,050","₹2,499",4
Urban Tribe,Trans4mer 2.0 Laptop Backpack,"₹2,219","₹2,999",5
NETPLAY,Men Backpack with Placement Brand Print,₹650,"₹1,299",3.5
Urban Tribe,Logo Print Padded Laptop Backpack,"₹1,050","₹2,499",4
Urban Tribe,Trans4mer 2.0 Laptop Backpack,"₹2,219","₹2,999",5
NETPLAY,Men Backpack with Placement Brand Print,₹650,"₹1,299",3.5
OZUKO,9309 Hiking Backpack with USB Charging,"₹9,945","₹22,100",
Lunar's,V-Line 35L Backpack,₹799,"₹1,799",3.6
BAGGIT,Men Backpack with Adjustable Straps,"₹2,653","₹3,790",3.7
Wiki,Unisex Ocean Everyday Backpack,"₹1,662","₹1,749",
LEVI'S,Poster Logo Print Bagpack,"₹1,565","₹3,399",
MaheTri,Men Backpack with Padded Laptop Sleeve,"₹4,167","₹8,333",
MaheTri,Men Strappy Backpack with Padded Laptop Sleeve,"₹3,575","₹9,166",
TEAKWOOD LEATHERS,Back Pack with Textured Detail,"₹5,800","₹14,499",4.1
Lunar's,Panelled Backpack with Adjustable Shoulder Straps,₹850,"₹1,699",4.1
Lunar's,Panelled Backpack with Adjustable Shoulder Straps,₹850,"₹1,699",4.1
French Accent,Padded Laptop Backpack,"₹1,934","₹4,958",2.5
French Accent,Laptop Backpack with Zip Closure ,"₹2,225","₹5,298",
Swiss Military,Blackjack Unisex Laptop Backpack,"₹2,594","₹3,990",
MaheTri,Men Back Pack with Buckle Closure,"₹5,500","₹10,000",
MaheTri,Men Travel Backpack with Buckle Closure,"₹5,000","₹10,000",
French Accent,Men Laptop Back Pack with Zip-Closure,"₹2,477","₹5,898",
ESKE,Men Metal Logo Laptop Backpack,"₹5,750","₹11,499",
Swiss Military,Helium Unisex Laptop Backpack,"₹4,218","₹6,590",
Swiss Military,Unisex Camouflage Print Laptop Backpack,"₹1,531","₹2,640",
French Accent,Men Backpack with Zip Closure & Adjustable Strap,"₹3,949","₹7,898",
Swiss Military,Zeta Unisex Laptop Backpack,"₹2,474","₹3,299",
Swiss Military,POSH Unisex Laptop Backpack,"₹2,793","₹3,990",
Swiss Military,Unisex Casual Laptop Backpack,"₹3,404","₹5,490",
French Accent,Men Quilted Laptop Back Pack with Zip-Closure,"₹2,931","₹6,978",
Swiss Military,Wanderer Unisex Laptop Backpack,"₹1,209","₹2,199",
The Clownfish,Zip Front Back Pack,"₹2,499","₹4,999",3.9
TEAKWOOD LEATHERS,Solid Back Pack with Adjustable Shoulder Straps,"₹4,350","₹14,499",
Strap It,Back Pack with Adjustable Straps,"₹3,500","₹6,999",3.8
The Clownfish,Unisex Messenger Bag with Detachable Strap-M,"₹4,389","₹8,999",4
VENEER,Men Backpack with Adjustable Shoulder Strap,"₹2,160","₹7,999",3
CAT,Men Backpack with Adjustable Straps,"₹4,750","₹9,499",
VENEER,Back Pack with Adjustable Shoulder Strap,"₹2,160","₹7,999",3.7
Deuter,Men Polyster Back Pack,"₹4,999",,
Wiki,Men Casual Back Pack,"₹2,159","₹2,399",
Wiki,Men Casual Back Pack,"₹2,159","₹2,399",
UMAI,Men Laptop Back Pack,"₹2,779","₹8,699",
Hookaba,Eye Rover Unisex LED Biker Bag,"₹11,549","₹14,999",
GUESS,Geometric Back Pack,"₹8,800","₹11,000",
Da Milano,Typographic Print Backpack with Adjustable Strap ,"₹12,999",,
Deuter,Men Logo Print Travel Backpack,"₹3,999",,
Skybags,Men Xelius Pro Star Print Backpack,"₹2,450","₹3,500",3
TEAKWOOD LEATHERS,Backpack with Adjustable Straps,"₹4,050","₹16,199",
French Accent,Men Leather Backpack with Adjustable Strap ,"₹2,241","₹5,898",3.8
Dailyobjects,Laptop Backpack with Adjustable Straps,"₹1,699","₹2,499",
F-GEAR,"Men Brand Print 14"" Laptop Backpack","₹1,104","₹2,760",4.5
NETPLAY,Logo Print Backpack,₹850,"₹1,699",4
Travel Blue,Laptop Backpack with Adjustable Straps,"₹2,657","₹3,795",
Travel Blue,Laptop Backpack with Adjustable Straps,"₹3,149","₹4,499",
Wiki,Unisex Squad 1 Marvlkawai Everday Backpack,"₹2,327","₹2,449",
Wiki,Unisex Mickey Print Backpack,"₹1,757","₹1,849",
Wiki,Unisex Checked Everyday Backpack,"₹2,137","₹2,249",
Wiki,Unisex Robot Print Backpack,"₹1,567","₹1,649",
Wiki,Unisex Mickey Mouse Print Backpack with Adjustable Straps,"₹1,472","₹1,549",
Travel Blue,Laptop Backpack with Adjustable Straps,"₹3,499","₹4,999",
Travel Blue,Men Logo Pattern Laptop Back Pack,"₹3,149","₹4,499",
Wiki,Men Back Pack,₹779,"₹1,299",
F-GEAR,Laptop Backpack with Adjustable Shoulder Straps ,₹620,"₹1,675",3.9
Puma,"Men 17"" Logo Print Backpack","₹2,099",,3.8
HIDESIGN,Men Leather Back Pack,"₹16,995",,
Wildcraft,Unisex Backpack with Adjustable Straps,"₹2,099",,
Wildcraft,Unisex Graphic Print Backpack with Adjustable Straps,"₹2,302","₹3,069",
HIDESIGN,Men Backpack with Snap-Button Closure ,"₹6,237","₹9,595",
VENEER,Men Backpack with Zip Closure & Adjustable Strap,"₹2,700","₹9,999",
OZUKO,9318 Camouflage Print Backpack,"₹8,190","₹18,200",
Lunar's,Panelled Backpack with Adjustable Straps,₹849,"₹1,799",3.7
Lunar's,Panelled Backpack with Adjustable Straps,₹849,"₹1,799",3.9
Lunar's,Colourblock Backpack with Adjustable Straps,₹849,"₹1,799",3.5
Lunar's,Panelled Backpack with Adjustable Straps,₹849,"₹1,799",
Lunar's,Panelled Backpack with Adjustable Straps,₹849,"₹1,799",3.5
Lunar's,Monica Floral Print Backpack,₹599,"₹1,799",3.6
F-GEAR,Abstract Print Rucksack,"₹1,311","₹2,980",3.5
OZUKO,9497 Backpack with Zip Closure,"₹5,000","₹12,500",
OZUKO,9309 Hiking Backpack with USB Charging,"₹9,315","₹20,700",
F-GEAR,Men Printed Backpack,₹985,"₹2,240",4.8
Priority,Back Pack with Adjustable Shoulder Strap,₹412,"₹1,315",4.3
OZUKO,9326 Camouflage Print Travel Backpack,"₹11,160","₹24,800",
ft frequent Traveller,Men Laptop Backpack with Multiple Pockets,"₹3,495","₹4,369",
Leather World,Typographic Print Rucksack ,₹850,"₹2,499",4.1
Skybags,Men Chester Laptop Backpack,"₹1,000","₹2,500",3.5
Lavie Sport,"14 "" Laptop Backpack with Adjustable Straps","₹4,599",,4.5
OZUKO,9409 Travel Backpack with Adjustable Straps,"₹9,405","₹17,100",
Lunar's,Monica Floral Print Backpack,₹599,"₹1,799",3.6
Reebok,Solid Backpacks Bags,"₹1,799","₹2,399",
OZUKO,9386 Waterproof Hiking Backpack,"₹9,800","₹24,500",
GEAR,"Compack 15.6"" Laptop Backpack ","₹1,998",,
Reebok,Printed Backpack with Mesh Pockets,"₹1,049","₹1,399",
Reebok,"15"" Printed Backpack with Mesh Pockets","₹1,049","₹1,399",
Wildcraft,Unisex Rucksack Brand Print Backpack with Adjustable Straps,"₹6,299",,
PERFORMAX,Men Colourblock Juventus Backpack,"₹1,019","₹1,699",
ARMANI EXCHANGE,Nappa Effect Laptop Backpack,"₹10,000","₹19,999",
DC Shoes,"17"" Printed Backpack with Adjustable Straps","₹4,495",,4.1
ARMANI EXCHANGE,Colourblock Eco-Friendly Backpack with Zip Closure,"₹9,000","₹17,999",3
MUJI,Less Tiring Water Repellent Large Capacity Backpack,"₹6,690",,4.8
Haute Sauce,Backpack with Adjustable Strap,"₹2,286","₹4,397",
AQUATAN,Laptop Back Pack with Zip Closure,₹899,"₹1,499",
Wildcraft,Unisex Trailblazer 50 Rucksack,"₹4,499",,
French Accent,Padded Laptop Backpack,"₹3,022","₹7,749",
Wildcraft,Unisex Graphic Print Everyday Backpack with Adjustable Straps,"₹2,002","₹2,669",
Wildcraft,Unisex Printed Everyday Backpack with Adjustable Straps,"₹2,002","₹2,669",
Wildcraft,Unisex Backpack with Detachable Compartment,"₹3,999",,
VENEER,Men Backpack with Zip Closure & Adjustable Strap,"₹1,215","₹4,499",3.5
ZIPLINE,Printed Backpack with Adjustable Straps,"₹1,185","₹2,370",
OZUKO,9497 Range Colourblock Backpack,"₹5,000","₹12,500",
Deuter,Men Rucksacks Back Pack with Adjustable Straps,"₹5,999",,
Deuter,Men Back Pack with Adjustable Shoulder Strap,"₹15,999",,
Deuter,Men Rucksacks Back Pack with Adjustable Straps,"₹18,999",,
CONVERSE,Logo Print Laptop Backpack,"₹4,499",,
Deuter,Men Travel Back Pack with Zip-Closure,"₹23,999",,
French Accent,Men Backpack with Zip Closure & Adjustable Strap,"₹3,489","₹6,978",
Kuber Industries,Cartoon Back Pack,₹526,,
French Accent,Men The Modifier Everyday Backpack,"₹3,489","₹6,978",
Priority,Men Others Back Pack,₹375,"₹1,399",
Priority,Men Others Back Pack,₹375,"₹1,399",
Priority,Men Others Back Pack,₹549,"₹2,499",
Priority,Men Others Back Pack,₹549,"₹2,499",
French Accent,Men Backpack with Zip Closure & Adjustable Strap,"₹3,489","₹6,978",
Priority,Mens Laptop Bag  Pack,₹499,"₹1,999",
French Accent,Men Laptop Backpack with Adjustable Strap,"₹2,240","₹4,978",
Deuter,Unisex Logo Print Rucksack with Attached Backpack,"₹21,999",,
Priority,Mens Laptop Bag  Pack,₹429,"₹1,799",2.5
MaheTri,Men Trekking Back Pack with Side Pockets,"₹3,599","₹5,999",
French Accent,Men Backpack with Adjustable Strap,"₹3,489","₹6,978",
Dailyobjects,Laptop Backpack with Adjustable Straps,"₹2,500","₹4,999",
HIDESIGN,Textured Genuine Leather Crossbody Bag,"₹7,275","₹7,995",4
Swiss brand,Panelled Travel Backpack,"₹5,215","₹14,900",
Swiss brand,Textured Back Pack with Buckle Closure,"₹5,215","₹14,900",
HIDESIGN,Textured Crossbody Bag,"₹9,896","₹10,995",
HIDESIGN,Textured Genuine Leather Messenger Bag,"₹8,185","₹8,995",1.5
HIDESIGN,Textured Genuine Leather Crossbody Bag,"₹4,861","₹7,595",4
Astrid,Laptop Backpack with Adjustable Strap,"₹1,134","₹2,699",
Strap It, 18' Colourblock Back Pack,"₹3,500","₹6,999",3.5
Bahama,Everyday Backpack with Adjustable Straps,₹850,"₹3,400",
Tiger Marron,Leather Backpack with Detachable Strap ,"₹11,200","₹16,000",3.8
Carpisa,Laptop Back Pack with Adjustable Strap,"₹1,320","₹4,399",
ZIPLINE,Typographic Print Laptop Backpack,"₹1,000","₹1,999",3.3
CAT,City Adventure 23 Ltrs 600D rPET Casual Laptop Bag Backpack,"₹3,500","₹6,999",
Carriall,Laptop Backpack with Adjustable Straps,"₹1,499","₹1,999",
HIDESIGN,Logo Embossed Backpack with Adjustable Straps,"₹12,596","₹13,995",
HIDESIGN,One Compartment Everyday Bag,"₹9,896","₹10,995",
The Clownfish,Geometric Back Pack,"₹1,339","₹2,999",
Tatonka,Norix 32 Trekking Backpack,"₹10,190",,
ZIPLINE,Printed Backpack with Adjustable Straps,"₹1,185","₹2,370",
VENEER,Men Back Pack with Adjustable Strap,"₹1,188","₹4,399",3
VENEER,Men Backpack with Zip Closure & Adjustable Strap,"₹1,215","₹4,499",3.5
VENEER,Men Backpack with Zip Closure & Adjustable Strap,"₹1,350","₹4,999",1
VENEER,Men Backpack with Zip Closure & Adjustable Strap,"₹1,080","₹3,999",4.6
VENEER,Backpack with Adjustable Shoulder Strap,"₹1,188","₹4,399",3
Columbia,Men Pritned Travel Backpack,"₹4,999",,2.3
HIDESIGN,Logo Embossed Backpack with Adjustable Straps,"₹12,596","₹13,995",
MaheTri,Men Backpack with Padded Laptop Sleeve,"₹5,000","₹10,000",
MaheTri,Men Strappy Backpack with Padded Laptop Sleeve,"₹5,833","₹11,666",
Nasher Miles,Geometric Pattern Back Pack,"₹1,350","₹2,999",2.3
The Clownfish,Laptop Backpack with Adjustable Straps,"₹2,579","₹4,999",3.5
Nasher Miles,Geometric Pattern Back Pack,"₹1,350","₹2,999",3.1
CAT,Men Crossbody Bag with Detachable Strap ,"₹3,100","₹6,199",5
VENEER,Men Back Pack with Adjustable Strap,"₹1,053","₹3,899",3.3
VENEER,Men Backpack with Adjustable Shoulder Strap,"₹1,350","₹4,999",1
VENEER,Backpack with Adjustable Shoulder Strap,"₹1,350","₹4,999",1
Lunar's,Panelled Colourblock Backpack with Adjustable Straps,₹849,"₹1,799",3.8
HIDESIGN,Men Textured Back Pack,"₹12,596","₹13,995",
Wildcraft,Men Laptop Back Pack,"₹3,399",,
RED TAPE,Men Travel Back Pack,"₹3,510","₹12,999",
Wildcraft,Unisex Typographic Print Backpack with Adjustable Straps,"₹3,499",,
RED TAPE,Men Brand Embossed Travel Backpack with Adjustable Strap,"₹3,780","₹13,999",
Wildcraft,Men Backpack with Multiple Compartments,"₹2,437","₹3,249",
Wildcraft,Men Backpack with Multiple Compartments,"₹1,874","₹2,499",
Priority,Men Others Back Pack,₹599,"₹1,599",
FOSSIL,Everyday Backpack with Adjustable Straps,"₹19,995",,
CONVERSE,Everyday Backpack with Adjustable Straps,"₹4,499",,
ALDO,Men Backpack with Adjustable Shoulder Strap,"₹13,999",,
Columbia,Men Travel Backpack with Adjustable Strap,"₹2,499",,
ALDO,Men Backpack with Adjustable Shoulder Strap,"₹11,999",,
SPYKAR,Men Regular Fit Back Pack,₹950,"₹1,899",
SPYKAR, Men Regular Fit Back Pack,₹600,"₹1,199",
SPYKAR, Men Regular Fit Back Pack,"₹1,075","₹2,149",
Da Milano,Men Back Pack,"₹25,999",,
SPYKAR,Men Regular Fit Back Pack,"₹1,000","₹1,999",
RED TAPE,Men Travel Back Pack,"₹3,510","₹12,999",
Wiki,Men Back Pack,₹779,"₹1,299",
BAD HABIT,Women Backpack with Adjustable Shoulder Strap,₹520,"₹2,599",
Columbia,Men Back Pack with Adjustable Shoulder Strap,"₹2,499",,
SPYKAR,  Men Regular Fit Back Pack,₹650,"₹1,299",
NETPLAY,Logo Print Backpack,₹850,"₹1,699",4
Reebok,Solid Backpacks Bags,₹974,"₹1,299",3.5
Pazzo,Sky Tourister Medium 22 L Laptop Backpack,₹499,₹799,3.9
Nakuru,Unisex Nomad Essentials Hard & Soft Body Medium Backpack,"₹4,165","₹11,900",
Cole Haan,Men Camouflage Print Zerogrand 2-in-1 Backpack,"₹24,100","₹48,200",
Puma,Men Logo Print Backpack,"₹1,500","₹2,999",
MOKOBARA,The Unisex Multipurpose Briefcase,"₹6,000","₹9,499",3.7
Wildcraft,Unisex Graphic Print Backpack with Adjustable Straps,"₹1,699",,
ZIPLINE,Typographic Print Backpack with Adjustable Strap ,"₹1,099","₹1,999",3.3
Wildcraft,Unisex Backpack with Multiple Compartments,"₹2,159","₹2,879",
Wildcraft,Men Backpack with Multiple Compartments,"₹1,784","₹2,379",
Wildcraft,Unisex Laptop Back Pack,"₹2,999",,
Wildcraft,Unisex Backpack with Multiple Compartments,"₹1,874","₹2,499",
Wildcraft,Unisex Backpack with Multiple Compartments,"₹2,999","₹3,999",
Wildcraft,Unisex Backpack with Multiple Compartments,"₹1,784","₹2,379",
Wildcraft,Men Backpack with Multiple Compartments,"₹2,159","₹2,879",
Wildcraft,Men Back Pack with Adjustable Straps,"₹2,699",,
Wildcraft,Unisex Laptop Back Pack,"₹2,299",,
Wildcraft,Men Laptop Back Pack,"₹1,999",,
Wildcraft,Unisex Laptop Back Pack,"₹2,999",,
Wildcraft,Men Laptop Back Pack,"₹3,599",,
F-GEAR,Pixel Print Travel Backpack,₹318,₹995,3.3
ARMANI EXCHANGE,Men Milano Edition Backpack,"₹12,599","₹20,999",
TOMMY HILFIGER,Everyday Back Pack with Brand Print,"₹9,999",,
HIDESIGN,One Compartment Everyday Backpack,"₹9,896","₹10,995",
VENEER,Men Backpack with Adjustable Shoulder Strap,"₹1,350","₹4,999",1
Strap It,Men Laptop Backpack with Zip Closure,"₹3,250","₹6,499",3.7
Strap It,Solid Back Pack,"₹2,500","₹4,999",3.5
Wiki,Men Casual Back Pack,"₹1,439","₹1,599",
Wildcraft,Unisex Wiki 1 Illusion Striped Backpack,"₹1,749",,
VENEER,Men Backpack with Zip Closure & Adjustable Strap,"₹2,160","₹7,999",3
Lunar's,Bingo Laptop Bag,₹900,"₹1,999",4
Travel Blue,Laptop Backpack with Adjustable Straps,"₹3,149","₹4,499",
Strap It,Solid Back Pack,"₹3,500","₹6,999",3.6
Wiki,Unisex Checked Backpack with Adjustable Straps,"₹1,472","₹1,549",
Urban Tribe,Havana Laptop Backpack,"₹1,039","₹1,999",3
Pazzo,Backpack with Signature Branding,₹799,,
Wiki,Unisex Pardus Animal Print Backpack with Pouch,"₹2,137","₹2,249",
Wiki,Women Checked Backpack with Adjustable Straps,"₹1,472","₹1,549",
The Clownfish,Unisex Outlander Travel Laptop Backpack-M,"₹2,229","₹2,999",
Wiki,Women Checked Backpack with Adjustable Straps,"₹1,472","₹1,549",
The Clownfish,Unisex Outlander Travel Laptop Backpack-M,"₹2,229","₹2,999",
French Accent,Everyday Backpack with Bottle Holder & Snap-Button Closure,"₹3,336","₹8,779",
ANKIT INTERNATIONAL,Graphic Print Everyday Backpack ,"₹1,535","₹1,725",
ANKIT INTERNATIONAL,"18"" Typographic Print Backpack with Adjustable Straps","₹1,535","₹1,725",
Pazzo,Floral Print Back Pack,₹860,"₹1,999",
French Accent,Men Quilted Laptop Back Pack with Zip-Closure,"₹2,931","₹6,978",
Swiss Military,Helium Unisex Laptop Backpack,"₹4,218","₹6,590",
French Accent,Laptop Backpack with Zip Closure ,"₹3,633","₹7,898",
TEAKWOOD LEATHERS,Solid Back Pack with Adjustable Shoulder Straps,"₹4,350","₹14,499",
Nasher Miles,Logo Print Multicompartment Bag Pack,"₹1,350","₹2,999",
TEAKWOOD LEATHERS,Leather Everyday Backpack with Adjustable Strap,"₹4,830","₹13,799",2
Haute Sauce,Textured Everyday Back Pack,"₹2,418","₹4,397",
Wiki,Men Casual Back Pack,"₹1,565","₹1,739",
Wiki,Men Everyday Printed Back Pack,"₹1,304","₹1,739",
Wiki,Men Casual Back Pack,"₹2,159","₹2,399",
Wiki,Men Casual Back Pack,"₹1,925","₹2,139",
MOKOBARA,Men Laptop Back Pack,"₹6,999","₹11,999",
Columbia,Men Camouflage Print Backpack with Adjustable Strap,"₹4,999",,2.3
Chris & Kate,Backpack with Adjustable Straps,₹799,,
Puma,Logo Print Backpack with Drawstring Closure,₹450,₹999,
SPYKAR,Backpack with Adjustable Straps ,"₹1,250","₹2,499",
ZIPLINE,Men Backpack with Adjustable Straps,"₹1,099","₹1,999",
Pazzo,Men Colourblock Backpack with Adjustable Straps,₹336,₹799,3
ARMANI EXCHANGE,Men Milano Edition Backpack,"₹12,599","₹20,999",5
Lunar's,Backpack Bag with Adjustable Strap,"₹1,199","₹2,999",3.8
The Clownfish,Geometric Print Everyday Backpack with Pouch,"₹1,159","₹2,999",
Wildcraft,Unisex Graphic Print Everyday Backpack with Adjustable Straps,"₹2,504","₹3,339",
Wildcraft,Unisex Printed Backpack with Adjustable Straps,"₹2,302","₹3,069",
Pazzo,Travel Bag with Adjustable Strap,₹499,₹799,2
OZUKO,9223 Brand Print Crossbody Bag,"₹4,950","₹9,000",
OZUKO,9318 Range Backpack with Zip Closure,"₹8,190","₹18,200",
F-GEAR,"Unisex Brand Print 14"" Laptop Backpack",₹881,"₹2,380",3.7
OZUKO,9386 Camouflage Print Hiking Backpack,"₹9,800","₹24,500",
OZUKO,9223 Brand Print Crossbody Bag,"₹3,360","₹8,400",3
OZUKO,9223 Brand Print Crossbody Bag,"₹3,600","₹9,000",4
OZUKO,9223 Brand Print Crossbody Bag,"₹3,600","₹9,000",
AMERICAN TOURISTER,Bagpack with Adjustable Shoulder Strap,"₹3,280",,
NEW BALANCE,Backpack with Adjustable Shoulder Straps,"₹3,999",,2.2
Skybags,Men Fox 2022 Laptop Backpack,"₹1,470","₹3,000",
OZUKO,9223 Brand Print Crossbody Bag,"₹3,600","₹9,000",4
OZUKO,9309 Camouflage Print Hiking Backpack,"₹8,840","₹22,100",
Nakuru,Unisex Horizon Travel Gear Hard & Soft Body Small Backpack,"₹5,775","₹16,500",
Reebok,Solid Backpacks Bags,"₹1,049","₹1,399",
Awestuffs,"Men Laptop Bacpack 19"" x 6""",₹600,"₹1,000",
